{
  "swagger": "2.0",
  "info": {
    "version": "1.0.0",
    "title": "API",
    "description": "new_service_layer"
  },
  "host": "localhost:7070",
  "basePath": "/",
  "tags": [
    {
      "name": "CUP Element",
      "description": "API for stages in the system"
    },
    {
      "name": "masters",
      "description": "Master api for dropdowns"
    }
  ],
  "schemes": ["http"],
  "consumes": ["application/json"],
  "produces": ["application/json"],
  "path": {},
  "definitions": {}
}
