<?xml version="1.0" standalone="true"?>
    -<MetaInfo>
    -<xs:schema xmlns:msdata="urn:schemas-microsoft-com:xml-msdata" xmlns:xs="http://www.w3.org/2001/XMLSchema" xmlns="" id="MetaInfo">
    -<xs:element msdata:UseCurrentLocale="true" msdata:IsDataSet="true" name="MetaInfo">
    -<xs:complexType>
    -<xs:choice maxOccurs="unbounded" minOccurs="0">
    -<xs:element name="ProductionInfo">
    -<xs:complexType>
    -<xs:sequence>
    <xs:element name="WMSID" minOccurs="0" type="xs:string"/>
    <xs:element name="BookId" minOccurs="0" type="xs:string"/>
    <xs:element name="Country" minOccurs="0" type="xs:string"/>
    <xs:element name="BookName" minOccurs="0" type="xs:string"/>
    <xs:element name="FileID" minOccurs="0" type="xs:string"/>
    <xs:element name="FileName" minOccurs="0" type="xs:string"/>
    <xs:element name="VolumeId" minOccurs="0" type="xs:string"/>
    <xs:element name="VolumeName" minOccurs="0" type="xs:string"/>
    <xs:element name="StageID" minOccurs="0" type="xs:string"/>
    <xs:element name="StageName" minOccurs="0" type="xs:string"/>
    <xs:element name="ActivityId" minOccurs="0" type="xs:string"/>
    <xs:element name="ActivityName" minOccurs="0" type="xs:string"/>
    <xs:element name="BatchId" minOccurs="0" type="xs:string"/>
    <xs:element name="iTracksStageid" minOccurs="0" type="xs:string"/>
    <xs:element name="Jobcardid" minOccurs="0" type="xs:string"/>
    <xs:element name="SubJobcardid" minOccurs="0" type="xs:string"/>
    <xs:element name="TemplateName" minOccurs="0" type="xs:string"/>
    <xs:element name="Sessionid" minOccurs="0" type="xs:string"/>
    <xs:element name="SessionPath" minOccurs="0" type="xs:string"/>
    <xs:element name="Templateid" minOccurs="0" type="xs:string"/>
    <xs:element name="WorkingPath" minOccurs="0" type="xs:string"/>
    <xs:element name="ISnum" minOccurs="0" type="xs:string"/>
    <xs:element name="Category" minOccurs="0" type="xs:string"/>
    </xs:sequence>
    </xs:complexType>
    </xs:element>
    -<xs:element name="JobInfo">
    -<xs:complexType>
    -<xs:sequence>
    <xs:element name="FieldName" minOccurs="0" type="xs:string"/>
    <xs:element name="Value" minOccurs="0" type="xs:string"/>
    </xs:sequence>
    </xs:complexType>
    </xs:element>
    -<xs:element name="FileInfo">
    -<xs:complexType>
    -<xs:sequence>
    <xs:element name="fileName" minOccurs="0" type="xs:string"/>
    <xs:element name="ChapterType" minOccurs="0" type="xs:string"/>
    <xs:element name="ChapterNumber" minOccurs="0" type="xs:short"/>
    <xs:element name="SequenceID" minOccurs="0" type="xs:short"/>
    </xs:sequence>
    </xs:complexType>
    </xs:element>
    </xs:choice>
    </xs:complexType>
    </xs:element>
    </xs:schema>
    - </ProductionInfo>
<WMSID>26</WMSID>
<BookId>26791</BookId>
<Country>UK</Country>
<BookName>Mumford-ELE-OPM</BookName>
<FileID>990484</FileID>
<FileName>9781108811705c01</FileName>
<VolumeId>0</VolumeId>
<VolumeName/>
<StageID>38</StageID>
<StageName>Typescript</StageName>
<ActivityId>4405</ActivityId>
<ActivityName>Pre-Editing</ActivityName>
<BatchId>None</BatchId>
<iTracksStageid>38</iTracksStageid>
<Jobcardid>1030720</Jobcardid>
<SubJobcardid/>
<TemplateName>{templatename}}</TemplateName>
<Sessionid>39912191</Sessionid>
<Templateid>33</Templateid>
<WorkingPath>C:\iTools\WMS\CUP-New\39912191\WorkingFolder</WorkingPath>
<ISnum>IS8223</ISnum>
<Category>Project Management</Category>  
</ProductionInfo>
    -<JobInfo>
    <FieldName>Customer Name</FieldName>
    <Value>UK</Value>
    </JobInfo>
    
-<JobInfo>
    <FieldName>DTD</FieldName>
    <Value>BITS</Value>
    </JobInfo>
    
-<JobInfo>
    <FieldName>ISBN</FieldName>
    <Value>9781108811705</Value>
    </JobInfo>
    
-<JobInfo>
    <FieldName>JobTitle</FieldName>
    <Value>Leading for Innovation</Value>
    </JobInfo>
    
-<JobInfo>
    <FieldName>OutFilePath</FieldName>
    <Value>9781108811705Book.docx</Value>
    </JobInfo>
    
-<JobInfo>
    <FieldName>software</FieldName>
    <Value>3B2</Value>
    </JobInfo>
    
-<JobInfo>
    <FieldName>Verso Format</FieldName>
    <Value>ChapterTitle</Value>
    </JobInfo>
    
    -<FileInfo>
    <fileName>9781108811705pre</fileName>
    <ChapterType>Prelims</ChapterType>
    <ChapterNumber>1</ChapterNumber>
    <SequenceID>1</SequenceID>
    </FileInfo>
    
-<FileInfo>
    <fileName>9781108811705c01</fileName>
    <ChapterType>Chapter</ChapterType>
    <ChapterNumber>2</ChapterNumber>
    <SequenceID>2</SequenceID>
    </FileInfo>
    
-<FileInfo>
    <fileName>9781108811705rfa</fileName>
    <ChapterType>Chapter</ChapterType>
    <ChapterNumber>3</ChapterNumber>
    <SequenceID>3</SequenceID>
    </FileInfo>
    
-<FileInfo>
    <fileName>9781108811705ack</fileName>
    <ChapterType>Chapter</ChapterType>
    <ChapterNumber>4</ChapterNumber>
    <SequenceID>4</SequenceID>
    </FileInfo>
    </MetaInfo>