{
  "swagger": "2.0",
  "info": {
    "version": "1.0.0",
    "title": "iTracks API",
    "description": "new_itracks_service_layer"
  },
  "host": "localhost:7070",
  "basePath": "/",
  "tags": [
    {
      "name": "iquality",
      "description": "API for Quality module"
    }
  ],
  "schemes": ["http"],
  "consumes": ["application/json"],
  "produces": ["application/json"],
  "paths": {
    "/iquality/folderpath": {
      "get": {
        "tags": ["iquality"],
        "summary": "Get upload folder path",
        "responses": {
          "200": {
            "description": "azsure folder details"
          },
          "400": {
            "description": "Bad Request"
          }
        }
      }
    },
    "/iquality/getcurrency": {
      "get": {
        "tags": ["iquality"],
        "summary": "Get all Currency from iquality",
        "parameters": [],
        "responses": {
          "200": {
            "description": "Currency list"
          },
          "400": {
            "description": "Bad Request"
          }
        }
      }
    },
    "/iquality/search": {
      "post": {
        "tags": ["iquality"],
        "summary": "Search for Feedback",
        "parameters": [
          {
            "name": "body",
            "in": "body",
            "description": "searchforfeedback object",
            "required": true,
            "schema": {
              "$ref": "#/definitions/searchforfeedbackinfo"
            }
          }
        ],
        "responses": {
          "200": {
            "description": "Search data"
          },
          "400": {
            "description": "Bad Request"
          }
        }
      }
    },
    "/iquality/du": {
      "get": {
        "tags": ["iquality"],
        "summary": "Get all DU's from master",
        "responses": {
          "200": {
            "description": "DU list"
          },
          "400": {
            "description": "Bad Request"
          }
        }
      }
    },
    "/iquality/customer/{divid}": {
      "get": {
        "tags": ["iquality"],
        "summary": "get customers from DU Id",
        "parameters": [
          {
            "name": "divid",
            "in": "path",
            "description": "DU ID",
            "required": true,
            "schema": {
              "type": "integer"
            }
          }
        ],
        "responses": {
          "200": {
            "description": "customers list"
          },
          "400": {
            "description": "Bad Request"
          }
        }
      }
    },
    "/iquality/searchoptions": {
      "get": {
        "tags": ["iquality"],
        "summary": "Get Search options from master",
        "responses": {
          "200": {
            "description": "Search options"
          },
          "400": {
            "description": "Bad Request"
          }
        }
      }
    },
    "/iquality/feedback": {
      "post": {
        "tags": ["iquality"],
        "summary": "Create Feedback",
        "parameters": [
          {
            "name": "Feedback",
            "in": "body",
            "description": "Create Feedback",
            "required": true,
            "schema": {
              "$ref": "#/definitions/ccaInfo"
            }
          }
        ],
        "responses": {
          "200": {
            "description": "CCA created successfully"
          },
          "400": {
            "description": "Bad Request"
          }
        }
      }
    },
    "/iquality/d1/{searchBy}": {
      "get": {
        "tags": ["iquality", "D1"],
        "summary": "Get D1 employee details",
        "parameters": [
          {
            "name": "searchBy",
            "in": "path",
            "description": "search by",
            "required": true,
            "schema": {
              "type": "string"
            }
          }
        ],
        "responses": {
          "200": {
            "description": "D1 employee list"
          },
          "400": {
            "description": "Bad Request"
          }
        }
      }
    },
    "/iquality/d1/team/{feedBackID}": {
      "get": {
        "tags": ["iquality", "D1"],
        "summary": "Get D1 Team details",
        "parameters": [
          {
            "name": "feedBackID",
            "in": "path",
            "description": "get D1 team members by feedback id",
            "required": true,
            "schema": {
              "type": "number"
            }
          }
        ],
        "responses": {
          "200": {
            "description": "D1 Team list"
          },
          "400": {
            "description": "Bad Request"
          }
        }
      }
    },
    "/d1": {
      "post": {
        "tags": ["D1"],
        "summary": "Insert D1 teams",
        "description": "Insert an array of D1 teams.",
        "consumes": ["application/json"],
        "produces": ["application/json"],
        "parameters": [],
        "responses": {
          "200": {
            "description": "Successful response",
            "schema": {
              "type": "array",
              "items": {
                "type": "object",
                "properties": {
                  "result": {
                    "type": "string",
                    "description": "Result of the insertion"
                  }
                }
              }
            }
          },
          "400": {
            "description": "Bad request",
            "schema": {
              "type": "object",
              "properties": {
                "error": {
                  "type": "string",
                  "description": "Error message"
                }
              }
            }
          },
          "500": {
            "description": "Internal server error",
            "schema": {
              "type": "object",
              "properties": {
                "error": {
                  "type": "string",
                  "description": "Error message"
                }
              }
            }
          }
        },
        "parameters": [
          {
            "name": "D1teamDetailsArray",
            "in": "body",
            "description": "Array of D1teamDetails objects",
            "required": true,
            "schema": {
              "type": "array",
              "items": {
                "$ref": "#/definitions/D1teamDetails"
              }
            }
          }
        ],
        "consumes": ["application/json"],
        "produces": ["application/json"]
      }
    },
    "/iquality/modifyCCA": {
      "post": {
        "tags": ["iquality"],
        "summary": "Modify CCA",
        "parameters": [
          {
            "name": "CCA",
            "in": "body",
            "description": "Modify CCA",
            "required": true,
            "schema": {
              "$ref": "#/definitions/modifyCCA"
            }
          }
        ],
        "responses": {
          "200": {
            "description": " CCA updated successfully"
          },
          "400": {
            "description": "Bad Request"
          }
        }
      }
    },
    "/iquality/getccadetails/{fId}": {
      "get": {
        "tags": ["iquality"],
        "summary": "get CCA detials",
        "parameters": [
          {
            "name": "fId",
            "in": "path",
            "description": "get CCA details",
            "required": true,
            "schema": {
              "type": "integer"
            }
          }
        ],
        "responses": {
          "200": {
            "description": "CCA list"
          },
          "400": {
            "description": "Bad Request"
          }
        }
      }
    },
    "/iquality/searchApprPositive": {
      "post": {
        "tags": ["iquality"],
        "summary": "View Appreciation(Positive)",
        "parameters": [
          {
            "name": "body",
            "in": "body",
            "description": "View Appreciation(Positive)",
            "required": true,
            "schema": {
              "$ref": "#/definitions/searchAppreciationPositive"
            }
          }
        ],
        "responses": {
          "200": {
            "description": "Viewed Successfully"
          },
          "400": {
            "description": "Bad Request"
          }
        }
      }
    },
    "/iquality/viewfeedback": {
      "post": {
        "tags": ["iquality"],
        "summary": "View Feedback",
        "parameters": [
          {
            "name": "Feedback",
            "in": "body",
            "description": "View Feedback Details",
            "required": true,
            "schema": {
              "$ref": "#/definitions/viewfeedback"
            }
          }
        ],
        "responses": {
          "200": {
            "description": "Feedback Details"
          },
          "400": {
            "description": "Bad Request"
          }
        }
      }
    },
    "/iquality/d2/{feedBackID}": {
      "get": {
        "tags": ["iquality", "D2"],
        "summary": "Get D2 details",
        "parameters": [
          {
            "name": "feedBackID",
            "in": "path",
            "description": "get D2 details by feedback id",
            "required": true,
            "schema": {
              "type": "number"
            }
          }
        ],
        "responses": {
          "200": {
            "description": "D2 details"
          },
          "400": {
            "description": "Bad Request"
          }
        }
      }
    },
    "/iquality/createD2": {
      "post": {
        "tags": ["D2"],
        "summary": "Create D2 Problem Defenition",
        "parameters": [
          {
            "name": "D2 Details",
            "in": "body",
            "description": "Insert D2 Details",
            "required": true,
            "schema": {
              "$ref": "#/definitions/createD2"
            }
          }
        ],
        "responses": {
          "200": {
            "description": "Result of the insertion"
          },
          "400": {
            "description": "Bad Request"
          }
        }
      }
    },
    "/iquality/d2/getJobcount/{feedBackID}": {
      "get": {
        "tags": ["iquality", "D2"],
        "summary": "Get Previous Complaint count details",
        "parameters": [
          {
            "name": "feedBackID",
            "in": "path",
            "description": "get Previous Complaint count details by feedback id",
            "required": true,
            "schema": {
              "type": "number"
            }
          }
        ],
        "responses": {
          "200": {
            "description": "Previous Complaint count"
          },
          "400": {
            "description": "Bad Request"
          }
        }
      }
    },
    "/iquality/d2/getJobcountdetail/{feedBackID}": {
      "get": {
        "tags": ["iquality", "D2"],
        "summary": "Get Previous Complaint details",
        "parameters": [
          {
            "name": "feedBackID",
            "in": "path",
            "description": "get Previous Complaint details by feedback id",
            "required": true,
            "schema": {
              "type": "number"
            }
          }
        ],
        "responses": {
          "200": {
            "description": "Previous Complaint details"
          },
          "400": {
            "description": "Bad Request"
          }
        }
      }
    },
    "/iquality/d3create": {
      "post": {
        "tags": ["iquality"],
        "summary": "D3 create",
        "parameters": [
          {
            "name": "body",
            "in": "body",
            "description": "D3 create",
            "required": true,
            "schema": {
              "$ref": "#/definitions/create_d3"
            }
          }
        ],
        "responses": {
          "200": {
            "description": "Created Successfully"
          },
          "400": {
            "description": "Bad Request"
          }
        }
      }
    },
    "/iquality/getd3details/{fId}": {
      "get": {
        "tags": ["iquality"],
        "summary": "get D3 detials",
        "parameters": [
          {
            "name": "fId",
            "in": "path",
            "description": "get D3 details",
            "required": true,
            "schema": {
              "type": "integer"
            }
          }
        ],
        "responses": {
          "200": {
            "description": "CCA list"
          },
          "400": {
            "description": "Bad Request"
          }
        }
      }
    },
    "/iquality/viewDUMapping": {
      "post": {
        "tags": ["DU Mapping"],
        "summary": "DU Mapping detials",
        "parameters": [
          {
            "name": "view DU Mapping",
            "in": "body",
            "description": "get DU Mapping detials",
            "required": true,
            "schema": {
              "$ref": "#/definitions/viewDUmapping"
            }
          }
        ],
        "responses": {
          "200": {
            "description": "DU Mapping detials"
          },
          "400": {
            "description": "Bad Request"
          }
        }
      }
    },
    "/iquality/FeedbackDUMapping": {
      "post": {
        "tags": ["DU Mapping"],
        "summary": "Create DU Mapping",
        "parameters": [
          {
            "name": "DU Mapping",
            "in": "body",
            "description": "Create DU Mapping",
            "required": true,
            "schema": {
              "$ref": "#/definitions/DUmapping"
            }
          }
        ],
        "responses": {
          "200": {
            "description": "FeedBack DU Mapping created successfully"
          },
          "400": {
            "description": "Bad Request"
          }
        }
      }
    },
    "/iquality/getapprdetails/{fID}": {
      "get": {
        "tags": ["iquality"],
        "summary": "get Appr detials",
        "parameters": [
          {
            "name": "fID",
            "in": "path",
            "description": "get Appr details",
            "required": true,
            "schema": {
              "type": "integer"
            }
          }
        ],
        "responses": {
          "200": {
            "description": "Appr list"
          },
          "400": {
            "description": "Bad Request"
          }
        }
      }
    },
    "/iquality/d4/{feedBackID}": {
      "get": {
        "tags": ["iquality", "D4"],
        "summary": "Get D4 details",
        "parameters": [
          {
            "name": "feedBackID",
            "in": "path",
            "description": "get D4 details by feedback id",
            "required": true,
            "schema": {
              "type": "number"
            }
          }
        ],
        "responses": {
          "200": {
            "description": "D4 details"
          },
          "400": {
            "description": "Bad Request"
          }
        }
      }
    },
    "/iquality/removeDivisionMapping/{DMId}": {
      "post": {
        "tags": ["iquality"],
        "summary": "Remove Error Category",
        "parameters": [
          {
            "name": "DMId",
            "in": "path",
            "description": "Remove Error Category",
            "required": true,
            "schema": {
              "type": "integer"
            }
          }
        ],
        "responses": {
          "200": {
            "description": "D3"
          },
          "400": {
            "description": "Bad Request"
          }
        }
      }
    },
    "/iquality/svndID/{feedBackID}": {
      "get": {
        "tags": ["iquality", "D5"],
        "summary": "Get svnDID",
        "parameters": [
          {
            "name": "feedBackID",
            "in": "path",
            "description": "get svnDID by feedback id",
            "required": true,
            "schema": {
              "type": "number"
            }
          }
        ],
        "responses": {
          "200": {
            "description": "svnDID"
          },
          "400": {
            "description": "Bad Request"
          }
        }
      }
    },
    "/iquality/d5/actions": {
      "get": {
        "tags": ["iquality", "D5"],
        "summary": "Get Type of Actions",
        "responses": {
          "200": {
            "description": "Get Type of Actions for dropdown details"
          },
          "400": {
            "description": "Bad Request"
          }
        }
      }
    },
    "/iquality/d5/routecause": {
      "get": {
        "tags": ["iquality", "D5"],
        "summary": "Get RouteCause details",
        "parameters": [
          {
            "name": "svnDID",
            "in": "path",
            "description": "D5 RouteCause details",
            "required": true,
            "schema": {
              "type": "number"
            }
          }
        ],
        "responses": {
          "200": {
            "description": "RouteCause details"
          },
          "400": {
            "description": "Bad Request"
          }
        }
      }
    },
    "/iquality/d5/getd5data": {
      "get": {
        "tags": ["iquality", "D5"],
        "summary": "Get D5 details",
        "parameters": [
          {
            "name": "svnDID",
            "in": "path",
            "description": "D5 details",
            "required": true,
            "schema": {
              "type": "number"
            }
          }
        ],
        "responses": {
          "200": {
            "description": "D5 details"
          },
          "400": {
            "description": "Bad Request"
          }
        }
      }
    },
    "/iquality/d5/insertorupdate5": {
      "post": {
        "tags": ["iquality", "D5"],
        "summary": "Update D5 details",
        "parameters": [
          {
            "name": "body",
            "in": "body",
            "description": "Update D5 details",
            "required": true,
            "schema": {
              "$ref": "#/definitions/UpdateD5"
            }
          }
        ],
        "responses": {
          "200": {
            "description": "D6 inserted successfully"
          },
          "400": {
            "description": "Bad Request"
          }
        }
      }
    },
    "/iquality/d6/insertd6": {
      "post": {
        "tags": ["D6"],
        "summary": "Create D6(a) & D6(b)",
        "parameters": [
          {
            "name": "D6",
            "in": "body",
            "description": "Create D6(a) & D6(b)",
            "required": true,
            "schema": {
              "$ref": "#/definitions/D6"
            }
          }
        ],
        "responses": {
          "200": {
            "description": "Update D5 details"
          },
          "400": {
            "description": "Bad Request"
          }
        }
      }
    },
    "/iquality/d5/deleted5": {
      "post": {
        "tags": ["iquality", "D5"],
        "summary": "Delete D5 details",
        "parameters": [
          {
            "name": "body",
            "in": "body",
            "description": "Delete D5 details",
            "required": true,
            "schema": {
              "$ref": "#/definitions/DeleteD5"
            }
          }
        ],
        "responses": {
          "200": {
            "description": "Delete D5 details"
          },
          "400": {
            "description": "Bad Request"
          }
        }
      }
    },
    "/iquality/d5/reopend5": {
      "post": {
        "tags": ["iquality", "D5"],
        "summary": "Reopen D5 details",
        "parameters": [
          {
            "name": "body",
            "in": "body",
            "description": "Reopen D5 details",
            "required": true,
            "schema": {
              "$ref": "#/definitions/ReopenD5"
            }
          }
        ],
        "responses": {
          "200": {
            "description": "Reopen D5 details"
          },
          "400": {
            "description": "Bad Request"
          }
        }
      }
    },
    "/iquality/d5/hdsupdate": {
      "post": {
        "tags": ["iquality", "D5"],
        "summary": "Update D5 HDS details",
        "parameters": [
          {
            "name": "body",
            "in": "body",
            "description": "Update D5 HDS details",
            "required": true,
            "schema": {
              "$ref": "#/definitions/hdsupdate"
            }
          }
        ],
        "responses": {
          "200": {
            "description": "D5 HDS details updated"
          },
          "400": {
            "description": "Bad Request"
          }
        }
      }
    },
    "/iquality/getRootCause/{svndId}/{dimensionCode}/{isApplicale}": {
      "get": {
        "tags": ["D6"],
        "summary": "get Rootcause details",
        "parameters": [
          {
            "name": "svndId",
            "in": "path",
            "description": "7D ID",
            "required": true,
            "schema": {
              "type": "integer"
            }
          },
          {
            "name": "dimensionCode",
            "in": "path",
            "description": "dimensionCode",
            "required": true,
            "schema": {
              "type": "string"
            }
          },
          {
            "name": "isApplicale",
            "in": "path",
            "description": "isApplicale",
            "required": true,
            "schema": {
              "type": "boolean"
            }
          }
        ],
        "responses": {
          "200": {
            "description": "Good Response"
          },
          "400": {
            "description": "Bad Request"
          }
        }
      }
    },
    "/iquality/get6dData/{fId}/{svndId}/{dimensionCode}/{serialno}": {
      "get": {
        "tags": ["D6"],
        "summary": "get 6D data",
        "parameters": [
          {
            "name": "fId",
            "in": "path",
            "description": "fId",
            "required": true,
            "schema": {
              "type": "integer"
            }
          },
          {
            "name": "svndId",
            "in": "path",
            "description": "7D ID",
            "required": true,
            "schema": {
              "type": "integer"
            }
          },
          {
            "name": "dimensionCode",
            "in": "path",
            "description": "dimensionCode",
            "required": true,
            "schema": {
              "type": "string"
            }
          },
          {
            "name": "serialno",
            "in": "path",
            "description": "serialno",
            "required": true,
            "schema": {
              "type": "integer"
            }
          }
        ],
        "responses": {
          "200": {
            "description": "ActivityName list",
            "content": {
              "application/json": {
                "schema": {
                  "type": "array",
                  "items": {
                    "type": "string"
                  }
                }
              }
            }
          },
          "400": {
            "description": "Bad Request"
          }
        }
      }
    },
    "/iquality/getDUErrorStatus/{fId}": {
      "get": {
        "tags": ["DU Mapping"],
        "summary": "get d6 DU Mapping and Error Category Status",
        "parameters": [
          {
            "name": "fId",
            "in": "path",
            "description": "get d6 DU Mapping and Error Category Status",
            "required": true,
            "schema": {
              "type": "integer"
            }
          }
        ],
        "responses": {
          "200": {
            "description": "Error category and DU Mapping"
          },
          "400": {
            "description": "Bad Request"
          }
        }
      }
    },
    "/iquality/getSeverity": {
      "get": {
        "tags": ["Severity Details"],
        "summary": "get Severity Details",
        "responses": {
          "200": {
            "description": "Severity Details"
          },
          "400": {
            "description": "Bad Request"
          }
        }
      }
    },
    "/iquality/getSeveritydata/{severityType}/{feedBackID}": {
      "get": {
        "tags": ["iquality"],
        "summary": "get Complaint Severity Details using severityType and FeedbackID",
        "parameters": [
          {
            "name": "severityType",
            "in": "path",
            "description": "severityType",
            "required": true,
            "schema": {
              "type": "string"
            }
          },
          {
            "name": "feedBackID",
            "in": "path",
            "description": "feedBackID",
            "required": true,
            "schema": {
              "type": "integer"
            }
          }
        ],
        "responses": {
          "200": {
            "description": "Complaint Severity Details"
          },
          "400": {
            "description": "Bad Request"
          }
        }
      }
    },
    "/iquality/insertSeverity": {
      "post": {
        "tags": ["iquality"],
        "summary": "Create Complaint Severity",
        "parameters": [
          {
            "name": "body",
            "in": "body",
            "description": "Create Complaint Severity",
            "required": true,
            "schema": {
              "$ref": "#/definitions/insertSeverity"
            }
          }
        ],
        "responses": {
          "200": {
            "description": "complaint Severity Created"
          },
          "400": {
            "description": "Bad Request"
          }
        }
      }
    },
    "/iquality/deleteSeverity": {
      "post": {
        "tags": ["iquality"],
        "summary": "Delete Complaint Severity",
        "parameters": [
          {
            "name": "body",
            "in": "body",
            "description": "Delete Complaint Severity",
            "required": true,
            "schema": {
              "$ref": "#/definitions/DeleteSeverity"
            }
          }
        ],
        "responses": {
          "200": {
            "description": "complaint Severity Deleted"
          },
          "400": {
            "description": "Bad Request"
          }
        }
      }
    },
    "/iquality/getResourceType": {
      "get": {
        "tags": ["ResourceType Details"],
        "summary": "get ResourceType",
        "responses": {
          "200": {
            "description": "ResourceType"
          },
          "400": {
            "description": "Bad Request"
          }
        }
      }
    },
    "/iquality/getChargeBackData/{feedBackID}": {
      "get": {
        "tags": ["iquality"],
        "summary": "get ChargeBack Details using FeedbackID",
        "parameters": [
          {
            "name": "FeedbackID",
            "in": "path",
            "description": "FeedbackID",
            "required": true,
            "schema": {
              "type": "integer"
            }
          }
        ],
        "responses": {
          "200": {
            "description": "ChargeBack Details"
          },
          "400": {
            "description": "Bad Request"
          }
        }
      }
    },
    "/iquality/InsertChargeBack": {
      "post": {
        "tags": ["iquality"],
        "summary": "Insert ChargeBack",
        "parameters": [
          {
            "name": "body",
            "in": "body",
            "description": "Insert ChargeBack",
            "required": true,
            "schema": {
              "$ref": "#/definitions/InsertChargeBack"
            }
          }
        ],
        "responses": {
          "200": {
            "description": "ChargeBack Inserted"
          },
          "400": {
            "description": "Bad Request"
          }
        }
      }
    },

    "/iquality/dashboard/getFeedbackCount/{empID}": {
      "get": {
        "tags": ["Dashboard"],
        "summary": "Get Feedback Count by Employee",
        "parameters": [
          {
            "name": "empID",
            "in": "path",
            "description": "Get Feedback Count by Employee",
            "required": true,
            "schema": {
              "type": "string"
            }
          }
        ],
        "responses": {
          "200": {
            "description": "empID"
          },
          "400": {
            "description": "Bad Request"
          }
        }
      }
    },
    "/iquality/dashboard/getResponsibleFB/{empID}/{type}": {
      "get": {
        "tags": ["Dashboard"],
        "summary": "get Responsible Feedback dashboard details",
        "parameters": [
          {
            "name": "empID",
            "in": "path",
            "description": "empID",
            "required": true,
            "schema": {
              "type": "string"
            }
          },
          {
            "name": "type",
            "in": "path",
            "description": "type",
            "required": true,
            "schema": {
              "type": "string"
            }
          }
        ],
        "responses": {
          "200": {
            "description": "get Responsible Feedback dashboard details"
          },
          "400": {
            "description": "Bad Request"
          }
        }
      }
    },
    "/iquality/dashboard/getResponsibleAppreciation/{empID}/{type}": {
      "get": {
        "tags": ["Dashboard"],
        "summary": "get Responsible Appreciation dashboard details",
        "parameters": [
          {
            "name": "empID",
            "in": "path",
            "description": "empID",
            "required": true,
            "schema": {
              "type": "string"
            }
          },
          {
            "name": "type",
            "in": "path",
            "description": "type",
            "required": true,
            "schema": {
              "type": "string"
            }
          }
        ],
        "responses": {
          "200": {
            "description": "get Responsible Appreciation dashboard details"
          },
          "400": {
            "description": "Bad Request"
          }
        }
      }
    },
    "/iquality/dashboard/getFBActionassigned/{empID}": {
      "get": {
        "tags": ["Dashboard"],
        "summary": "Get Feedback Actionassigned",
        "parameters": [
          {
            "name": "empID",
            "in": "path",
            "description": "Get Feedback Actionassigned",
            "required": true,
            "schema": {
              "type": "string"
            }
          }
        ],
        "responses": {
          "200": {
            "description": "empID"
          },
          "400": {
            "description": "Bad Request"
          }
        }
      }
    },
    "/iquality/dashboard/getAssignedDetails/{empID}/{type}/{module}": {
      "get": {
        "tags": ["Dashboard"],
        "summary": "get feedbacks Actionassigned details dashboard",
        "parameters": [
          {
            "name": "empID",
            "in": "path",
            "description": "empID",
            "required": true,
            "schema": {
              "type": "string"
            }
          },
          {
            "name": "type",
            "in": "path",
            "description": "type",
            "required": true,
            "schema": {
              "type": "string"
            }
          },
          {
            "name": "module",
            "in": "path",
            "description": "module",
            "required": true,
            "schema": {
              "type": "string"
            }
          }
        ],
        "responses": {
          "200": {
            "description": "get feedbacks Actionassigned details dashboard"
          },
          "400": {
            "description": "Bad Request"
          }
        }
      }
    },
    "/iquality/dashboard/getCCANotAttached/{empID}": {
      "get": {
        "tags": ["Dashboard"],
        "summary": "get getCCANotAttached",
        "parameters": [
          {
            "name": "empID",
            "in": "path",
            "description": "Get Feedback Actionassigned",
            "required": true,
            "schema": {
              "type": "string"
            }
          }
        ],
        "responses": {
          "200": {
            "description": "getCCANotAttached"
          },
          "400": {
            "description": "Bad Request"
          }
        }
      }
    },
    "/iquality/dashboard/getComplaintsteamMember/{empID}": {
      "get": {
        "tags": ["Dashboard"],
        "summary": "Get Complaints for team members",
        "parameters": [
          {
            "name": "empID",
            "in": "path",
            "description": "Get Complaints for team members",
            "required": true,
            "schema": {
              "type": "string"
            }
          }
        ],
        "responses": {
          "200": {
            "description": "empID"
          },
          "400": {
            "description": "Bad Request"
          }
        }
      }
    },
    "/iquality/dashboard/getCompaintsTeamMemberDet/{empID}/{module}/{type}": {
      "get": {
        "tags": ["Dashboard"],
        "summary": "get Compaints TeamMember  details dashboard",
        "parameters": [
          {
            "name": "empID",
            "in": "path",
            "description": "empID",
            "required": true,
            "schema": {
              "type": "string"
            }
          },
          {
            "name": "module",
            "in": "path",
            "description": "module",
            "required": true,
            "schema": {
              "type": "integer"
            }
          },
          {
            "name": "type",
            "in": "path",
            "description": "type",
            "required": true,
            "schema": {
              "type": "string"
            }
          }
        ],
        "responses": {
          "200": {
            "description": "get Compaints TeamMember  details dashboard"
          },
          "400": {
            "description": "Bad Request"
          }
        }
      }
    },
    "/iquality/ViewToDU/{fID}": {
      "get": {
        "tags": ["iquality"],
        "summary": "get ToDU's detials",
        "parameters": [
          {
            "name": "fID",
            "in": "path",
            "description": "get ToDU's detials",
            "required": true,
            "schema": {
              "type": "integer"
            }
          }
        ],
        "responses": {
          "200": {
            "description": "Good Response"
          },
          "400": {
            "description": "Bad Request"
          }
        }
      }
    }
  },
  "definitions": {
    "customerinfo": {
      "type": "object",
      "properties": {
        "customerid": {
          "type": "integer",
          "format": "int64"
        },
        "divisionid": {
          "type": "integer",
          "format": "int64"
        },
        "verticalid": {
          "type": "integer",
          "format": "int64"
        },
        "serviceid": {
          "type": "integer",
          "format": "int64"
        },
        "wfid": {
          "type": "integer",
          "format": "int64"
        },
        "stageid": {
          "type": "integer",
          "format": "int64"
        },
        "noofiteration": {
          "type": "integer",
          "format": "int64"
        },
        "appid": {
          "type": "integer",
          "format": "int64"
        },
        "duid": {
          "type": "integer",
          "format": "int64"
        },
        "created_by": {
          "type": "string"
        },
        "updated_by": {
          "type": "string"
        }
      },
      "required": [
        "customerid",
        "divisionid",
        "verticalid",
        "serviceid",
        "wfid",
        "stageid",
        "appid",
        "duid",
        "created_by",
        "updated_by"
      ]
    },
    "createnormsinfo": {
      "type": "object",
      "properties": {
        "custinfoid": {
          "type": "integer",
          "format": "int64"
        },
        "complexityid": {
          "type": "integer",
          "format": "int64"
        },
        "activityid": {
          "type": "integer",
          "format": "int64"
        },
        "noofiteration": {
          "type": "integer",
          "format": "int64"
        },
        "skilllevelid": {
          "type": "integer",
          "format": "int64"
        },
        "uomid": {
          "type": "integer",
          "format": "int64"
        },
        "targetsla": {
          "type": "number",
          "format": "double"
        },
        "skillid": {
          "type": "integer",
          "format": "int64"
        },
        "outsrctype": {
          "type": "boolean"
        },
        "eff_from": {
          "type": "string",
          "format": "date-time"
        },
        "created_by": {
          "type": "string"
        }
      },
      "required": [
        "custinfoid",
        "complexityid",
        "activityid",
        "noofiteration",
        "skilllevelid",
        "uomid",
        "targetsla",
        "skillid",
        "outsrctype",
        "eff_from",
        "created_by"
      ]
    },
    "updatenormsinfo": {
      "type": "object",
      "properties": {
        "normsid": {
          "type": "integer",
          "format": "int64"
        },
        "custinfoid": {
          "type": "integer",
          "format": "int64"
        },
        "complexityid": {
          "type": "integer",
          "format": "int64"
        },
        "activityid": {
          "type": "integer",
          "format": "int64"
        },
        "noofiteration": {
          "type": "integer",
          "format": "int64"
        },
        "skilllevelid": {
          "type": "integer",
          "format": "int64"
        },
        "uomid": {
          "type": "integer",
          "format": "int64"
        },
        "shiftid": {
          "type": "integer",
          "format": "int64"
        },
        "targetsla": {
          "type": "number",
          "format": "double"
        },
        "skillid": {
          "type": "integer",
          "format": "int64"
        },
        "outsrctype": {
          "type": "boolean"
        },
        "eff_from": {
          "type": "string",
          "format": "date-time"
        },
        "primaryflag": {
          "type": "boolean"
        },
        "updated_by": {
          "type": "string"
        }
      },
      "required": [
        "normsid",
        "custinfoid",
        "complexityid",
        "activityid",
        "noofiteration",
        "skilllevelid",
        "uomid",
        "shiftid",
        "targetsla",
        "skillid",
        "outsrctype",
        "eff_from",
        "primaryflag",
        "updated_by"
      ]
    },
    "createserviceinfo": {
      "type": "object",
      "properties": {
        "servicename": {
          "type": "string"
        }
      },
      "required": ["servicename"]
    },
    "customerMaster": {
      "type": "object",
      "properties": {
        "customername": {
          "type": "string"
        }
      },
      "required": ["customername"]
    },
    "createstageinfo": {
      "type": "object",
      "properties": {
        "stagename": {
          "type": "string"
        }
      },
      "required": ["stagename"]
    },
    "searchforfeedbackinfo": {
      "type": "object",
      "properties": {
        "bookcode": {
          "type": "string"
        },
        "jobcardcode": {
          "type": "integer",
          "format": "int64"
        },
        "jobtitle": {
          "type": "string"
        },
        "fromdate": {
          "type": "string",
          "format": "date-time"
        },
        "todate": {
          "type": "string",
          "format": "date-time"
        },
        "divisions": {
          "type": "integer",
          "format": "int64"
        },
        "customers": {
          "type": "number",
          "format": "double"
        },
        "companyid": {
          "type": "integer",
          "format": "int64"
        },
        "searchby": {
          "type": "string"
        },
        "isbn": {
          "type": "string"
        },
        "jobcardid": {
          "type": "integer",
          "format": "int64"
        }
      }
    },
    "ccaInfo": {
      "type": "object",
      "properties": {
        "feedbackdesc": {
          "type": "string"
        },
        "feedbackshortdesc": {
          "type": "string"
        },
        "jobCardID": {
          "type": "integer",
          "format": "int64"
        },
        "stageID": {
          "type": "integer",
          "format": "int64"
        },
        "created_by": {
          "type": "string"
        },
        "compNo": {
          "type": "integer",
          "format": "int64"
        },
        "receivedFrom": {
          "type": "string"
        },
        "mode": {
          "type": "integer",
          "format": "int64"
        },
        "receivedDate": {
          "type": "string",
          "format": "date-time"
        },
        "isOnHold": {
          "type": "boolean"
        },
        "chargeback": {
          "type": "boolean"
        },
        "despatchedDate": {
          "type": "string",
          "format": "date-time"
        },
        "divisionId": {
          "type": "integer",
          "format": "int64"
        },
        "subDivisionId": {
          "type": "integer",
          "format": "int64"
        },
        "amount": {
          "type": "integer",
          "format": "int64"
        },
        "currencyId": {
          "type": "integer",
          "format": "int64"
        },
        "remarks": {
          "type": "string"
        },
        "fromDivId": {
          "type": "integer",
          "format": "int64"
        },
        "fromSubDivId": {
          "type": "integer",
          "format": "int64"
        },
        "fromSkillId": {
          "type": "integer",
          "format": "int64"
        },
        "toDivId": {
          "type": "integer",
          "format": "int64"
        },
        "toSubDivId": {
          "type": "integer",
          "format": "int64"
        },
        "toSkillId": {
          "type": "integer",
          "format": "int64"
        },
        "errId": {
          "type": "string"
        },
        "isErrCatFalls": {
          "type": "boolean"
        },
        "feedbacktype": {
          "type": "string"
        },
        "NOC_Id": {
          "type": "integer",
          "format": "int64"
        },
        "process_Id": {
          "type": "integer",
          "format": "int64"
        },
        "bookpartId": {
          "type": "integer",
          "format": "int64"
        },
        "elementId": {
          "type": "integer",
          "format": "int64"
        },
        "typeofeditingID": {
          "type": "integer"
        },
        "parameter": {
          "type": "integer"
        },
        "errortype": {
          "type": "integer"
        },
        "severityID": {
          "type": "integer"
        },
        "others": {
          "type": "boolean"
        },
        "others_remarks": {
          "type": "string"
        }
      },
      "required": [
        "feedbacshortdesc",
        "jobCardID",
        "stageID",
        "created_by",
        "compNo",
        "receivedFrom",
        "mode",
        "receivedDate",
        "isOnHold",
        "chargeback",
        "despatchedDate",
        "divisionId",
        "subDivisionId",
        "amount",
        "currencyId",
        "remarks",
        "fromDivId",
        "fromSubDivId",
        "fromSkillId",
        "toDivId",
        "toSubDivId",
        "toSkillId",
        "errId",
        "isErrCatFalls",
        "feedbacktype",
        "NOC_Id",
        "process_Id",
        "bookpartId",
        "elementId",
        "typeofeditingID",
        "parameter",
        "errortype"
      ]
    },
    "D1teamDetails": {
      "type": "object",
      "properties": {
        "feedBackID": {
          "type": "number",
          "description": "Feedback ID",
          "example": 1
        },
        "userId": {
          "type": "string",
          "description": "User ID",
          "example": 123
        },
        "ischampion": {
          "type": "boolean",
          "description": "Whether the team is a champion",
          "example": true
        },
        "createdBy": {
          "type": "string",
          "description": "Creator of the team",
          "example": "IS9971"
        }
      }
    },
    "modifyCCA": {
      "type": "object",
      "properties": {
        "feedbackId": {
          "type": "integer",
          "format": "int64"
        },
        "feedbackdesc": {
          "type": "string"
        },
        "feedbackshortdesc": {
          "type": "string"
        },
        "updated_by": {
          "type": "string"
        },
        "chargeback": {
          "type": "boolean"
        },
        "divisionId": {
          "type": "integer",
          "format": "int64"
        },
        "subDivisionId": {
          "type": "integer",
          "format": "int64"
        },
        "amount": {
          "type": "integer",
          "format": "int64"
        },
        "currencyId": {
          "type": "integer",
          "format": "int64"
        },
        "remarks": {
          "type": "string"
        }
      },
      "required": [
        "feedbackId",
        "feedbackNo",
        "feedbackdesc",
        "jobCardID",
        "stageID",
        "updated_by",
        "receivedFrom",
        "mode",
        "receivedDate",
        "isOnHold",
        "chargeback",
        "despatchedDate",
        "divisionId",
        "subDivisionId",
        "amount",
        "currencyId",
        "remarks"
      ]
    },
    "searchAppreciationPositive": {
      "type": "object",
      "properties": {
        "searchText": {
          "type": "string"
        },
        "fromDate": {
          "type": "string",
          "format": "date-time"
        },
        "toDate": {
          "type": "string",
          "format": "date-time"
        },
        "recordPerPage": {
          "type": "integer",
          "format": "int64"
        },
        "pageNo": {
          "type": "integer",
          "format": "int64"
        }
      }
    },
    "viewfeedback": {
      "type": "object",
      "properties": {
        "searchData": {
          "type": "string"
        },
        "fromDate": {
          "type": "string",
          "format": "date-time"
        },
        "toDate": {
          "type": "string",
          "format": "date-time"
        },
        "searchType": {
          "type": "string"
        },
        "recordPerPage": {
          "type": "integer",
          "format": "int64"
        },
        "pageNo": {
          "type": "integer",
          "format": "int64"
        }
      }
    },
    "createD2": {
      "type": "object",
      "properties": {
        "feedbackId": {
          "type": "integer",
          "format": "int64"
        },
        "finalProb": {
          "type": "string"
        },
        "isErrCatfalls": {
          "type": "boolean"
        },
        "createdBy": {
          "type": "string"
        },
        "updatedBy": {
          "type": "string"
        },
        "error": {
          "type": ["application/json"]
        },
        "probOccurred": {
          "type": "string"
        },
        "affectedPerson": {
          "type": "string"
        },
        "actionNeeded": {
          "type": "string"
        }
      }
    },
    "create_d3": {
      "type": "object",
      "properties": {
        "feedbackId": {
          "type": "integer",
          "format": "int64"
        },
        "intrmackCust": {
          "type": "string"
        },
        "intrmVerifications": {
          "type": "string"
        },
        "intrmSentDate": {
          "type": "string",
          "format": "date-time"
        },
        "intrmReceivedDate": {
          "type": "string",
          "format": "date-time"
        },
        "sentBy": {
          "type": "string"
        },
        "createdBy": {
          "type": "string"
        },
        "integraProb": {
          "type": "boolean"
        },
        "verification": {
          "type": "string"
        }
      }
    },
    "DUmapping": {
      "type": "object",
      "properties": {
        "feedbackId": {
          "type": "integer",
          "format": "int64"
        },
        "divisionId": {
          "type": "integer",
          "format": "int64"
        },
        "subDivisionTd": {
          "type": "integer",
          "format": "int64"
        },
        "skillId": {
          "type": "string"
        },
        "errserial": {
          "type": "integer",
          "format": "int64"
        },
        "createdBy": {
          "type": "string"
        }
      },
      "required": [
        "feedbackId",
        "divisionId",
        "subDivisionTd",
        "skillId",
        "createdBy"
      ]
    },
    "UpdateD5": {
      "type": "object",
      "properties": {
        "CauseDetID": {
          "type": "integer",
          "format": "int64"
        },
        "ActionId": {
          "type": "integer",
          "format": "int64"
        },
        "TargetDate": {
          "type": "string",
          "format": "date"
        },
        "ActualCompDate": {
          "type": "string",
          "format": "date"
        },
        "ActionDesc": {
          "type": "string"
        },
        "TypeID": {
          "type": "integer",
          "format": "int64"
        },
        "createdBy": {
          "type": "string"
        },
        "EmpId": {
          "type": "string"
        }
      },
      "required": [
        "CauseDetID",
        "ActionId",
        "TargetDate",
        "ActionDesc",
        "TypeID",
        "createdBy",
        "EmpId"
      ]
    },
    "DeleteD5": {
      "type": "object",
      "properties": {
        "CauseDetID": {
          "type": "integer",
          "format": "int64"
        },
        "ActionID": {
          "type": "integer",
          "format": "int64"
        },
        "TypeID": {
          "type": "integer",
          "format": "int64"
        }
      },
      "required": ["CauseDetID", "ActionId", "TypeID"]
    },
    "ReopenD5": {
      "type": "object",
      "properties": {
        "ActionID": {
          "type": "integer",
          "format": "int64"
        },
        "EntryBy": {
          "type": "string"
        }
      }
    },
    "viewDUmapping": {
      "type": "object",
      "properties": {
        "feedbackId": {
          "type": "integer",
          "format": "int64"
        },
        "slNo": {
          "type": "integer",
          "format": "int64"
        }
      },
      "required": ["feedbackId", "slNo"]
    },
    "hdsupdate": {
      "type": "object",
      "properties": {
        "SvnDID": {
          "type": "integer",
          "format": "int64"
        },
        "HdsIsRequired": {
          "type": "boolean"
        },
        "HdsRemarks": {
          "type": "string"
        },
        "createdBy": {
          "type": "string"
        }
      },
      "required": ["SvnDID", "HdsIsRequired", "createdBy"]
    },
    "D6": {
      "type": "object",
      "properties": {
        "typeId": {
          "type": "string"
        },
        "mode": {
          "type": "string"
        },
        "actionId": {
          "type": "integer",
          "format": "int64"
        },
        "targetDtae": {
          "type": "string",
          "format": "date"
        },
        "actualCompleteDate": {
          "type": "string",
          "format": "date"
        },
        "actionDesc1": {
          "type": "string"
        },
        "actionDesc2": {
          "type": "string"
        },
        "actionDesc3": {
          "type": "string"
        },
        "causeDetId": {
          "type": "integer",
          "format": "int64"
        },
        "entryBy": {
          "type": "string"
        },
        "commaSeperatedIds": {
          "type": "string"
        },
        "CommaSeperatedDUIds": {
          "type": "string"
        }
      },
      "required": [
        "typeId",
        "mode",
        "actionId",
        "targetDtae",
        "actualCompleteDate",
        "actionDesc1",
        "actionDesc2",
        "actionDesc3",
        "causeDetId",
        "entryBy",
        "commaSeperatedIds",
        "CommaSeperatedDUIds"
      ]
    },
    "insertSeverity": {
      "type": "object",
      "properties": {
        "Feedbackid": {
          "type": "integer",
          "format": "int64"
        },
        "Severity": {
          "type": "integer",
          "format": "int64"
        },
        "SeveritycatID": {
          "type": "integer",
          "format": "int64"
        },
        "createdBy": {
          "type": "string"
        }
      },
      "required": ["Feedbackid", "Severity", "SeveritycatID", "createdBy"]
    },
    "DeleteSeverity": {
      "type": "object",
      "properties": {
        "Feedbackid": {
          "type": "integer",
          "format": "int64"
        },
        "ComplaintSeverityID": {
          "type": "integer",
          "format": "int64"
        }
      },
      "required": ["Feedbackid", "ComplaintSeverityID"]
    },
    "InsertChargeBack": {
      "type": "object",
      "properties": {
        "EmpChargeBackId": {
          "type": "integer",
          "format": "int64"
        },
        "ComplaintId": {
          "type": "integer",
          "format": "int64"
        },
        "EmpId": {
          "type": "string"
        },
        "ResourceType": {
          "type": "string"
        },
        "CurrencyType": {
          "type": "string"
        },
        "ChargeBackAmount": {
          "type": "integer",
          "format": "int64"
        },
        "EntryBy": {
          "type": "string"
        }
      },
      "required": [
        "EmpChargeBackId",
        "ComplaintId",
        "EmpId",
        "ResourceType",
        "CurrencyType",
        "ChargeBackAmount",
        "EntryBy"
      ]
    }
  }
}
