{
  "swagger": "2.0",
  "info": {
    "version": "1.0.0",
    "title": "iTracks API",
    "description": "new_itracks_service_layer"
  },
  "host": "localhost:7070",
  "basePath": "/",
  "tags": [
    {
      "name": "iproductivity",
      "description": "API for stages in the system"
    },
    {
      "name": "customer_info",
      "description": "API for customer info (screen 1) in the system"
    },
    {
      "name": "norms_config",
      "description": "API for NORMS configration (screen 2) in the system"
    },
    {
      "name": "masters",
      "description": "Master api for dropdowns"
    }
  ],
  "schemes": ["http"],
  "consumes": ["application/json"],
  "produces": ["application/json"],
  "paths": {
    "/iproductivity/folderpath": {
      "get": {
        "tags": ["iproductivity"],
        "summary": "Get upload folder path",
        "responses": {
          "200": {
            "description": "azsure folder details"
          },
          "400": {
            "description": "Bad Request"
          }
        }
      }
    },
    "/iproductivity/customerinfo": {
      "get": {
        "tags": ["customer_info"],
        "summary": "Get customerdetails",
        "responses": {
          "200": {
            "description": "customer details"
          },
          "400": {
            "description": "Bad Request"
          }
        }
      },
      "post": {
        "tags": ["customer_info"],
        "summary": "Create customer info ",
        "parameters": [
          {
            "name": "Customer Info",
            "in": "body",
            "description": "customerinfo object",
            "required": true,
            "schema": {
              "$ref": "#/definitions/customerinfo"
            }
          }
        ],
        "responses": {
          "201": {
            "description": "Customer Info created successfully!"
          },
          "400": {
            "description": "Bad Request"
          }
        }
      }
    },
    "/iproductivity/masters/{customer}": {
      "get": {
        "tags": ["masters"],
        "summary": "Get all customers from master{customer}",
        "parameters": [
          {
            "name": "customer",
            "in": "path",
            "description": "for select customers",
            "required": true
          }
        ],
        "responses": {
          "200": {
            "description": "customers list"
          },
          "400": {
            "description": "Bad Request"
          }
        }
      }
    },
    "/iproductivity/masters/customer": {
      "post": {
        "tags": ["masters"],
        "summary": "Create customers in master",
        "parameters": [
          {
            "name": "Customer Master",
            "in": "body",
            "description": "Create customer in master",
            "required": true,
            "schema": {
              "$ref": "#/definitions/customerMaster"
            }
          }
        ],
        "responses": {
          "200": {
            "description": "customers list"
          },
          "400": {
            "description": "Bad Request"
          }
        }
      }
    },
    "/iproductivity/masters/updateCustomer": {
      "post": {
        "tags": ["masters"],
        "summary": "update customers from master{dummy}",
        "parameters": [
          {
            "name": "customer",
            "in": "path",
            "description": "for select customers",
            "required": true
          }
        ],
        "responses": {
          "200": {
            "description": "customers list"
          },
          "400": {
            "description": "Bad Request"
          }
        }
      }
    },
    "/iproductivity/masters/deletecustomer": {
      "post": {
        "tags": ["masters"],
        "summary": "Delete customers from master{customerid}",
        "parameters": [
          {
            "name": "customerid",
            "in": "path",
            "description": "delete customer in master",
            "required": true
          }
        ],
        "responses": {
          "200": {
            "description": "customer deleted"
          },
          "400": {
            "description": "Bad Request"
          }
        }
      }
    },
    "/iproductivity/masters/{division}": {
      "get": {
        "tags": ["masters"],
        "summary": "Get all divisions from master{division}",
        "parameters": [
          {
            "name": "division",
            "in": "path",
            "description": "for select divisions",
            "required": true
          }
        ],
        "responses": {
          "200": {
            "description": "divisions list"
          },
          "400": {
            "description": "Bad Request"
          }
        }
      }
    },
    "/iproductivity/masters/{vertical}": {
      "get": {
        "tags": ["masters"],
        "summary": "Get all verticals from master{vertical}",
        "parameters": [
          {
            "name": "vertical",
            "in": "path",
            "description": "for select verticals",
            "required": true
          }
        ],
        "responses": {
          "200": {
            "description": "vertical list"
          },
          "400": {
            "description": "Bad Request"
          }
        }
      }
    },
    "/iproductivity/masters/{shift}": {
      "get": {
        "tags": ["masters"],
        "summary": "Get all shift from master{shift}",
        "parameters": [
          {
            "name": "shift",
            "in": "path",
            "description": "for select shift",
            "required": true
          }
        ],
        "responses": {
          "200": {
            "description": "shift list"
          },
          "400": {
            "description": "Bad Request"
          }
        }
      }
    },
    "/iproductivity/masters/iteration": {
      "get": {
        "tags": ["masters"],
        "summary": "Get all iterations from master{iteration}",
        "parameters": [],
        "responses": {
          "200": {
            "description": "iteration list"
          },
          "400": {
            "description": "Bad Request"
          }
        }
      }
    },
    "/iproductivity/masters/{software}": {
      "get": {
        "tags": ["masters"],
        "summary": "Get all softwares from master{software}",
        "parameters": [
          {
            "name": "software",
            "in": "path",
            "description": "for select softwares",
            "required": true
          }
        ],
        "responses": {
          "200": {
            "description": "softwares list"
          },
          "400": {
            "description": "Bad Request"
          }
        }
      }
    },
    "/iproductivity/masters/{du}": {
      "get": {
        "tags": ["masters"],
        "summary": "Get all DU's from master{du}",
        "parameters": [
          {
            "name": "du",
            "in": "path",
            "description": "for select du's",
            "required": true
          }
        ],
        "responses": {
          "200": {
            "description": "du's list"
          },
          "400": {
            "description": "Bad Request"
          }
        }
      }
    },
    "/iproductivity/masters/subdiv/{divID}": {
      "get": {
        "tags": ["masters"],
        "summary": "Get all Sub DU's from master with {divID}",
        "parameters": [
          {
            "name": "divID",
            "in": "path",
            "description": "for select Sub du's",
            "required": true,
            "schema": {
              "type": "integer"
            }
          }
        ],
        "responses": {
          "200": {
            "description": "sub du's list"
          },
          "400": {
            "description": "Bad Request"
          }
        }
      }
    },
    "/iproductivity/masters/{complexity}": {
      "get": {
        "tags": ["masters"],
        "summary": "Get all complexity's from master{complexity}",
        "parameters": [
          {
            "name": "complexity",
            "in": "path",
            "description": "for select complexity's",
            "required": true
          }
        ],
        "responses": {
          "200": {
            "description": "complexity's list"
          },
          "400": {
            "description": "Bad Request"
          }
        }
      }
    },
    "/iproductivity/masters/{skilllevel}": {
      "get": {
        "tags": ["masters"],
        "summary": "Get all skilllevel's from master{skilllevel}",
        "parameters": [
          {
            "name": "skilllevel",
            "in": "path",
            "description": "for select skilllevel's",
            "required": true
          }
        ],
        "responses": {
          "200": {
            "description": "skilllevel's list"
          },
          "400": {
            "description": "Bad Request"
          }
        }
      }
    },
    "/iproductivity/masters/{UOM}": {
      "get": {
        "tags": ["masters"],
        "summary": "Get all UOM's from master{UOM}",
        "parameters": [
          {
            "name": "UOM",
            "in": "path",
            "description": "for select UOM's",
            "required": true
          }
        ],
        "responses": {
          "200": {
            "description": "UOM's list"
          },
          "400": {
            "description": "Bad Request"
          }
        }
      }
    },
    "/iproductivity/masters/{skill}": {
      "get": {
        "tags": ["masters"],
        "summary": "Get all skills from master{skill}",
        "parameters": [
          {
            "name": "skill",
            "in": "path",
            "description": "for select skills",
            "required": true
          }
        ],
        "responses": {
          "200": {
            "description": "skills list"
          },
          "400": {
            "description": "Bad Request"
          }
        }
      }
    },
    "/iproductivity/masters/{service}": {
      "get": {
        "tags": ["masters"],
        "summary": "Get all service from master{service}",
        "parameters": [
          {
            "name": "service",
            "in": "path",
            "description": "for select service",
            "required": true
          }
        ],
        "responses": {
          "200": {
            "description": "service list"
          },
          "400": {
            "description": "Bad Request"
          }
        }
      }
    },
    "/iproductivity/masters/{stage}": {
      "get": {
        "tags": ["masters"],
        "summary": "Get all Stage from master{stage}",
        "parameters": [
          {
            "name": "stage",
            "in": "path",
            "description": "for select Stage",
            "required": true
          }
        ],
        "responses": {
          "200": {
            "description": "Stage list"
          },
          "400": {
            "description": "Bad Request"
          }
        }
      }
    },
    "/iproductivity/masters/{subdivision}": {
      "get": {
        "tags": ["masters"],
        "summary": "Get all subdivision from master{subdivision}",
        "parameters": [
          {
            "name": "subdivision",
            "in": "path",
            "description": "for select subdivision",
            "required": true
          }
        ],
        "responses": {
          "200": {
            "description": "subdivision list"
          },
          "400": {
            "description": "Bad Request"
          }
        }
      }
    },
    "/iproductivity/masters/{mode}": {
      "get": {
        "tags": ["masters"],
        "summary": "Get all mode from master{mode}",
        "parameters": [
          {
            "name": "mode",
            "in": "path",
            "description": "for select mode",
            "required": true
          }
        ],
        "responses": {
          "200": {
            "description": "mode list"
          },
          "400": {
            "description": "Bad Request"
          }
        }
      }
    },
    "/iproductivity/masters/{noc}": {
      "get": {
        "tags": ["masters"],
        "summary": "Get all Nature of Process from master",
        "parameters": [
          {
            "name": "noc",
            "in": "path",
            "description": "for select NOC",
            "required": true
          }
        ],
        "responses": {
          "200": {
            "description": "noc list"
          },
          "400": {
            "description": "Bad Request"
          }
        }
      }
    },
    "/iproductivity/masters/{process}": {
      "get": {
        "tags": ["masters"],
        "summary": "Get all Process from master",
        "parameters": [
          {
            "name": "process",
            "in": "path",
            "description": "for select Process",
            "required": true
          }
        ],
        "responses": {
          "200": {
            "description": "mode list"
          },
          "400": {
            "description": "Bad Request"
          }
        }
      }
    },
    "/iproductivity/masters/{bookpart}": {
      "get": {
        "tags": ["masters"],
        "summary": "Get all BookParts from master",
        "parameters": [
          {
            "name": "bookpart",
            "in": "path",
            "description": "for select BookPart",
            "required": true
          }
        ],
        "responses": {
          "200": {
            "description": "BookPart list"
          },
          "400": {
            "description": "Bad Request"
          }
        }
      }
    },
    "/iproductivity/masters/{element}": {
      "get": {
        "tags": ["masters"],
        "summary": "Get all Elements from master",
        "parameters": [
          {
            "name": "element",
            "in": "path",
            "description": "for select Element",
            "required": true
          }
        ],
        "responses": {
          "200": {
            "description": "Element list"
          },
          "400": {
            "description": "Bad Request"
          }
        }
      }
    },
    "/iproductivity/masters/{typeofediting}": {
      "get": {
        "tags": ["masters"],
        "summary": "Get all TypeOfEditing from master",
        "parameters": [
          {
            "name": "typeofediting",
            "in": "path",
            "description": "for select Types of editing",
            "required": true
          }
        ],
        "responses": {
          "200": {
            "description": "Types of editing list"
          },
          "400": {
            "description": "Bad Request"
          }
        }
      }
    },
    "/iproductivity/masters/{parameters}": {
      "get": {
        "tags": ["masters"],
        "summary": "Get all Parameters from master",
        "parameters": [
          {
            "name": "parameters",
            "in": "path",
            "description": "for select Parameters",
            "required": true
          }
        ],
        "responses": {
          "200": {
            "description": "Parameters list"
          },
          "400": {
            "description": "Bad Request"
          }
        }
      }
    },
    "/iproductivity/masters/{errortype}": {
      "get": {
        "tags": ["masters"],
        "summary": "Get all ErrorType from master",
        "parameters": [
          {
            "name": "errortype",
            "in": "path",
            "description": "for select ErrorType",
            "required": true
          }
        ],
        "responses": {
          "200": {
            "description": "ErrorType list"
          },
          "400": {
            "description": "Bad Request"
          }
        }
      }
    },
    "/iproductivity/masters/{severity}": {
      "get": {
        "tags": ["masters"],
        "summary": "Get all Severity from master",
        "parameters": [
          {
            "name": "severity",
            "in": "path",
            "description": "for select Severity",
            "required": true
          }
        ],
        "responses": {
          "200": {
            "description": "Severity list"
          },
          "400": {
            "description": "Bad Request"
          }
        }
      }
    },
    "/iproductivity/masters/getService/{customerid}": {
      "get": {
        "tags": ["masters"],
        "summary": "Get all services from master using customer id{customerid}",
        "parameters": [
          {
            "name": "customerid",
            "in": "path",
            "description": "for select services",
            "required": true
          }
        ],
        "responses": {
          "200": {
            "description": "service list"
          },
          "400": {
            "description": "Bad Request"
          }
        }
      }
    },
    "/iproductivity/masters/{activity}": {
      "get": {
        "tags": ["masters"],
        "summary": "Get all Activity from master{activity}",
        "parameters": [
          {
            "name": "activity",
            "in": "path",
            "description": "for Activity",
            "required": true
          }
        ],
        "responses": {
          "200": {
            "description": "Activity list"
          },
          "400": {
            "description": "Bad Request"
          }
        }
      }
    },
    "/iproductivity/masters/getWorkflow/{customerid}": {
      "get": {
        "tags": ["masters"],
        "summary": "Get all workflows from master using customer id{customerid}",
        "parameters": [
          {
            "name": "customerid",
            "in": "path",
            "description": "for select workflows",
            "required": true
          }
        ],
        "responses": {
          "200": {
            "description": "workflow list"
          },
          "400": {
            "description": "Bad Request"
          }
        }
      }
    },
    "/iproductivity/masters/getStage/{workflowid}": {
      "get": {
        "tags": ["masters"],
        "summary": "Get all stage from master using workflow id{workflowid}",
        "parameters": [
          {
            "name": "workflowid",
            "in": "path",
            "description": "for select stages",
            "required": true
          }
        ],
        "responses": {
          "200": {
            "description": "stage list"
          },
          "400": {
            "description": "Bad Request"
          }
        }
      }
    },
    "/iproductivity/deletecustinfo/{custinfoid}/{empcode}": {
      "post": {
        "tags": ["customer_info"],
        "summary": "for delete customers",
        "parameters": [
          {
            "name": "custinfoid",
            "in": "path",
            "description": "id",
            "required": true
          },
          {
            "name": "empcode",
            "in": "path",
            "description": "update_by employee code",
            "required": true
          }
        ],
        "responses": {
          "200": {
            "description": "Activity list"
          },
          "400": {
            "description": "Bad Request"
          }
        }
      }
    },
    "/iproductivity/masters/getActivity/{wfid}/{stageid}": {
      "get": {
        "tags": ["masters"],
        "summary": "Get Activity name through workflow ID and stage ID",
        "parameters": [
          {
            "name": "wfid",
            "in": "path",
            "description": "Workflow ID",
            "required": true,
            "schema": {
              "type": "integer"
            }
          },
          {
            "name": "stageid",
            "in": "path",
            "description": "Stage ID",
            "required": true,
            "schema": {
              "type": "integer"
            }
          }
        ],
        "responses": {
          "200": {
            "description": "ActivityName list",
            "content": {
              "application/json": {
                "schema": {
                  "type": "array",
                  "items": {
                    "type": "string"
                  }
                }
              }
            }
          },
          "400": {
            "description": "Bad Request"
          }
        }
      }
    },
    "/iproductivity/norms/{custInfoID}": {
      "get": {
        "tags": ["norms_config"],
        "summary": "Get customer norms from master",
        "parameters": [
          {
            "name": "custInfoID",
            "in": "path",
            "description": "customer info id",
            "required": true,
            "schema": {
              "type": "integer"
            }
          }
        ],
        "responses": {
          "200": {
            "description": "norms list"
          },
          "400": {
            "description": "Bad Request"
          }
        }
      },
      "post": {
        "tags": ["norms_config"],
        "summary": "Create new norms",
        "parameters": [
          {
            "name": "body",
            "in": "body",
            "description": "normsinfo object",
            "required": true,
            "schema": {
              "$ref": "#/definitions/createnormsinfo"
            }
          }
        ],
        "responses": {
          "201": {
            "description": "New Norms Created Successfully!"
          },
          "400": {
            "description": "Bad Request"
          }
        }
      }
    },
    "/iproductivity/norms/updatenorms": {
      "post": {
        "tags": ["norms_config"],
        "summary": "Update the existing norms",
        "parameters": [
          {
            "name": "body",
            "in": "body",
            "description": "normsinfo object",
            "required": true,
            "schema": {
              "$ref": "#/definitions/updatenormsinfo"
            }
          }
        ],
        "responses": {
          "200": {
            "description": "Norms Updated Successfully!"
          },
          "400": {
            "description": "Bad Request"
          }
        }
      }
    },
    "/iproductivity/norms/deletenorms/{normsid}/{empcode}": {
      "post": {
        "tags": ["norms_config"],
        "summary": "Delete the existing norms",
        "parameters": [
          {
            "name": "normsid",
            "in": "path",
            "description": "normsid",
            "required": true
          },
          {
            "name": "empcode",
            "in": "path",
            "description": "update_by employee code",
            "required": true
          }
        ],
        "responses": {
          "200": {
            "description": "Norms Deleted Successfully!"
          },
          "400": {
            "description": "Bad Request"
          }
        }
      }
    },
    "/iproductivity/masters/createservice": {
      "post": {
        "tags": ["masters"],
        "summary": "Create services from master{service}",
        "parameters": [
          {
            "name": "service",
            "in": "body",
            "description": "to create service in master",
            "required": true,
            "schema": {
              "$ref": "#/definitions/createserviceinfo"
            }
          }
        ],
        "responses": {
          "200": {
            "description": "services list"
          },
          "400": {
            "description": "Bad Request"
          }
        }
      }
    },
    "/iproductivity/masters/deleteservice/{serviceid}": {
      "post": {
        "tags": ["masters"],
        "summary": "Delete services from master{service}",
        "parameters": [
          {
            "name": "serviceid",
            "in": "path",
            "description": "To remove services",
            "required": true
          }
        ],
        "responses": {
          "200": {
            "description": "services list"
          },
          "400": {
            "description": "Bad Request"
          }
        }
      }
    },
    "/iproductivity/masters/createstage": {
      "post": {
        "tags": ["masters"],
        "summary": "Create a new stage from master",
        "parameters": [
          {
            "name": "body",
            "in": "body",
            "description": "customerinfo object",
            "required": true,
            "schema": {
              "$ref": "#/definitions/createstageinfo"
            }
          }
        ],
        "responses": {
          "200": {
            "description": "service deleted successfully"
          },
          "400": {
            "description": "Bad Request"
          }
        }
      }
    }
  },
  "definitions": {
    "customerinfo": {
      "type": "object",
      "properties": {
        "customerid": {
          "type": "integer",
          "format": "int64"
        },
        "divisionid": {
          "type": "integer",
          "format": "int64"
        },
        "verticalid": {
          "type": "integer",
          "format": "int64"
        },
        "serviceid": {
          "type": "integer",
          "format": "int64"
        },
        "wfid": {
          "type": "integer",
          "format": "int64"
        },
        "stageid": {
          "type": "integer",
          "format": "int64"
        },
        "noofiteration": {
          "type": "integer",
          "format": "int64"
        },
        "appid": {
          "type": "integer",
          "format": "int64"
        },
        "duid": {
          "type": "integer",
          "format": "int64"
        },
        "created_by": {
          "type": "string"
        },
        "updated_by": {
          "type": "string"
        }
      },
      "required": [
        "customerid",
        "divisionid",
        "verticalid",
        "serviceid",
        "wfid",
        "stageid",
        "appid",
        "duid",
        "created_by",
        "updated_by"
      ]
    },
    "createnormsinfo": {
      "type": "object",
      "properties": {
        "custinfoid": {
          "type": "integer",
          "format": "int64"
        },
        "complexityid": {
          "type": "integer",
          "format": "int64"
        },
        "activityid": {
          "type": "integer",
          "format": "int64"
        },
        "noofiteration": {
          "type": "integer",
          "format": "int64"
        },
        "skilllevelid": {
          "type": "integer",
          "format": "int64"
        },
        "uomid": {
          "type": "integer",
          "format": "int64"
        },
        "targetsla": {
          "type": "number",
          "format": "double"
        },
        "skillid": {
          "type": "integer",
          "format": "int64"
        },
        "outsrctype": {
          "type": "boolean"
        },
        "eff_from": {
          "type": "string",
          "format": "date-time"
        },
        "created_by": {
          "type": "string"
        }
      },
      "required": [
        "custinfoid",
        "complexityid",
        "activityid",
        "noofiteration",
        "skilllevelid",
        "uomid",
        "targetsla",
        "skillid",
        "outsrctype",
        "eff_from",
        "created_by"
      ]
    },
    "updatenormsinfo": {
      "type": "object",
      "properties": {
        "normsid": {
          "type": "integer",
          "format": "int64"
        },
        "custinfoid": {
          "type": "integer",
          "format": "int64"
        },
        "complexityid": {
          "type": "integer",
          "format": "int64"
        },
        "activityid": {
          "type": "integer",
          "format": "int64"
        },
        "noofiteration": {
          "type": "integer",
          "format": "int64"
        },
        "skilllevelid": {
          "type": "integer",
          "format": "int64"
        },
        "uomid": {
          "type": "integer",
          "format": "int64"
        },
        "shiftid": {
          "type": "integer",
          "format": "int64"
        },
        "targetsla": {
          "type": "number",
          "format": "double"
        },
        "skillid": {
          "type": "integer",
          "format": "int64"
        },
        "outsrctype": {
          "type": "boolean"
        },
        "eff_from": {
          "type": "string",
          "format": "date-time"
        },
        "primaryflag": {
          "type": "boolean"
        },
        "updated_by": {
          "type": "string"
        }
      },
      "required": [
        "normsid",
        "custinfoid",
        "complexityid",
        "activityid",
        "noofiteration",
        "skilllevelid",
        "uomid",
        "shiftid",
        "targetsla",
        "skillid",
        "outsrctype",
        "eff_from",
        "primaryflag",
        "updated_by"
      ]
    },
    "createserviceinfo": {
      "type": "object",
      "properties": {
        "servicename": {
          "type": "string"
        }
      },
      "required": ["servicename"]
    },
    "customerMaster": {
      "type": "object",
      "properties": {
        "customername": {
          "type": "string"
        }
      },
      "required": ["customername"]
    },
    "createstageinfo": {
      "type": "object",
      "properties": {
        "stagename": {
          "type": "string"
        }
      },
      "required": ["stagename"]
    },
    "searchforfeedbackinfo": {
      "type": "object",
      "properties": {
        "bookcode": {
          "type": "string"
        },
        "jobcardcode": {
          "type": "integer",
          "format": "int64"
        },
        "jobtitle": {
          "type": "string"
        },
        "fromdate": {
          "type": "string",
          "format": "date-time"
        },
        "todate": {
          "type": "string",
          "format": "date-time"
        },
        "divisions": {
          "type": "integer",
          "format": "int64"
        },
        "customers": {
          "type": "number",
          "format": "double"
        },
        "companyid": {
          "type": "integer",
          "format": "int64"
        },
        "searchby": {
          "type": "string"
        },
        "isbn": {
          "type": "string"
        },
        "jobcardid": {
          "type": "integer",
          "format": "int64"
        }
      }
    },
    "ccaInfo": {
      "type": "object",
      "properties": {
        "feedbackdesc": {
          "type": "string"
        },
        "feedbackshortdesc": {
          "type": "string"
        },
        "jobCardID": {
          "type": "integer",
          "format": "int64"
        },
        "stageID": {
          "type": "integer",
          "format": "int64"
        },
        "created_by": {
          "type": "string"
        },
        "compNo": {
          "type": "integer",
          "format": "int64"
        },
        "receivedFrom": {
          "type": "string"
        },
        "mode": {
          "type": "integer",
          "format": "int64"
        },
        "receivedDate": {
          "type": "string",
          "format": "date-time"
        },
        "isOnHold": {
          "type": "boolean"
        },
        "chargeback": {
          "type": "boolean"
        },
        "despatchedDate": {
          "type": "string",
          "format": "date-time"
        },
        "divisionId": {
          "type": "integer",
          "format": "int64"
        },
        "subDivisionId": {
          "type": "integer",
          "format": "int64"
        },
        "amount": {
          "type": "integer",
          "format": "int64"
        },
        "currencyId": {
          "type": "integer",
          "format": "int64"
        },
        "remarks": {
          "type": "string"
        },
        "fromDivId": {
          "type": "integer",
          "format": "int64"
        },
        "fromSubDivId": {
          "type": "integer",
          "format": "int64"
        },
        "fromSkillId": {
          "type": "integer",
          "format": "int64"
        },
        "toDivId": {
          "type": "integer",
          "format": "int64"
        },
        "toSubDivId": {
          "type": "integer",
          "format": "int64"
        },
        "toSkillId": {
          "type": "integer",
          "format": "int64"
        },
        "errId": {
          "type": "string"
        },
        "isErrCatFalls": {
          "type": "boolean"
        },
        "feedbacktype": {
          "type": "string"
        },
        "NOC_Id": {
          "type": "integer",
          "format": "int64"
        },
        "process_Id": {
          "type": "integer",
          "format": "int64"
        },
        "bookpartId": {
          "type": "integer",
          "format": "int64"
        },
        "elementId": {
          "type": "integer",
          "format": "int64"
        },
        "typeofeditingID": {
          "type": "integer"
        },
        "parameter": {
          "type": "integer"
        },
        "errortype": {
          "type": "integer"
        },
        "severityID": {
          "type": "integer"
        },
        "others": {
          "type": "boolean"
        },
        "others_remarks": {
          "type": "string"
        }
      },
      "required": [
        "feedbacshortdesc",
        "jobCardID",
        "stageID",
        "created_by",
        "compNo",
        "receivedFrom",
        "mode",
        "receivedDate",
        "isOnHold",
        "chargeback",
        "despatchedDate",
        "divisionId",
        "subDivisionId",
        "amount",
        "currencyId",
        "remarks",
        "fromDivId",
        "fromSubDivId",
        "fromSkillId",
        "toDivId",
        "toSubDivId",
        "toSkillId",
        "errId",
        "isErrCatFalls",
        "feedbacktype",
        "NOC_Id",
        "process_Id",
        "bookpartId",
        "elementId",
        "typeofeditingID",
        "parameter",
        "errortype"
      ]
    },
    "D1teamDetails": {
      "type": "object",
      "properties": {
        "feedBackID": {
          "type": "number",
          "description": "Feedback ID",
          "example": 1
        },
        "userId": {
          "type": "string",
          "description": "User ID",
          "example": 123
        },
        "ischampion": {
          "type": "boolean",
          "description": "Whether the team is a champion",
          "example": true
        },
        "createdBy": {
          "type": "string",
          "description": "Creator of the team",
          "example": "IS9971"
        }
      }
    },
    "modifyCCA": {
      "type": "object",
      "properties": {
        "feedbackId": {
          "type": "integer",
          "format": "int64"
        },
        "feedbackdesc": {
          "type": "string"
        },
        "feedbackshortdesc": {
          "type": "string"
        },
        "updated_by": {
          "type": "string"
        },
        "chargeback": {
          "type": "boolean"
        },
        "divisionId": {
          "type": "integer",
          "format": "int64"
        },
        "subDivisionId": {
          "type": "integer",
          "format": "int64"
        },
        "amount": {
          "type": "integer",
          "format": "int64"
        },
        "currencyId": {
          "type": "integer",
          "format": "int64"
        },
        "remarks": {
          "type": "string"
        }
      },
      "required": [
        "feedbackId",
        "feedbackNo",
        "feedbackdesc",
        "jobCardID",
        "stageID",
        "updated_by",
        "receivedFrom",
        "mode",
        "receivedDate",
        "isOnHold",
        "chargeback",
        "despatchedDate",
        "divisionId",
        "subDivisionId",
        "amount",
        "currencyId",
        "remarks"
      ]
    },
    "searchAppreciationPositive": {
      "type": "object",
      "properties": {
        "searchText": {
          "type": "string"
        },
        "fromDate": {
          "type": "string",
          "format": "date-time"
        },
        "toDate": {
          "type": "string",
          "format": "date-time"
        },
        "recordPerPage": {
          "type": "integer",
          "format": "int64"
        },
        "pageNo": {
          "type": "integer",
          "format": "int64"
        }
      }
    },
    "viewfeedback": {
      "type": "object",
      "properties": {
        "searchData": {
          "type": "string"
        },
        "fromDate": {
          "type": "string",
          "format": "date-time"
        },
        "toDate": {
          "type": "string",
          "format": "date-time"
        },
        "searchType": {
          "type": "string"
        },
        "recordPerPage": {
          "type": "integer",
          "format": "int64"
        },
        "pageNo": {
          "type": "integer",
          "format": "int64"
        }
      }
    },
    "createD2": {
      "type": "object",
      "properties": {
        "feedbackId": {
          "type": "integer",
          "format": "int64"
        },
        "finalProb": {
          "type": "string"
        },
        "isErrCatfalls": {
          "type": "boolean"
        },
        "createdBy": {
          "type": "string"
        },
        "updatedBy": {
          "type": "string"
        },
        "error": {
          "type": ["application/json"]
        },
        "probOccurred": {
          "type": "string"
        },
        "affectedPerson": {
          "type": "string"
        },
        "actionNeeded": {
          "type": "string"
        }
      }
    },
    "create_d3": {
      "type": "object",
      "properties": {
        "feedbackId": {
          "type": "integer",
          "format": "int64"
        },
        "intrmackCust": {
          "type": "string"
        },
        "intrmVerifications": {
          "type": "string"
        },
        "intrmSentDate": {
          "type": "string",
          "format": "date-time"
        },
        "intrmReceivedDate": {
          "type": "string",
          "format": "date-time"
        },
        "sent_by": {
          "type": "string"
        },
        "created_by": {
          "type": "string"
        },
        "integra_prob": {
          "type": "boolean"
        }
      }
    },
    "DUmapping": {
      "type": "object",
      "properties": {
        "feedbackId": {
          "type": "integer",
          "format": "int64"
        },
        "divisionId": {
          "type": "integer",
          "format": "int64"
        },
        "subDivisionTd": {
          "type": "integer",
          "format": "int64"
        },
        "skillId": {
          "type": "string"
        },
        "errserial": {
          "type": "integer",
          "format": "int64"
        },
        "createdBy": {
          "type": "string"
        }
      },
      "required": [
        "feedbackId",
        "divisionId",
        "subDivisionTd",
        "skillId",
        "createdBy"
      ]
    },
    "UpdateD5": {
      "type": "object",
      "properties": {
        "CauseDetID": {
          "type": "integer",
          "format": "int64"
        },
        "ActionId": {
          "type": "integer",
          "format": "int64"
        },
        "TargetDate": {
          "type": "string",
          "format": "date"
        },
        "ActualCompDate": {
          "type": "string",
          "format": "date"
        },
        "ActionDesc": {
          "type": "string"
        },
        "TypeID": {
          "type": "integer",
          "format": "int64"
        },
        "createdBy": {
          "type": "string"
        },
        "EmpId": {
          "type": "string"
        }
      },
      "required": [
        "CauseDetID",
        "ActionId",
        "TargetDate",
        "ActionDesc",
        "TypeID",
        "createdBy",
        "EmpId"
      ]
    },
    "DeleteD5": {
      "type": "object",
      "properties": {
        "CauseDetID": {
          "type": "integer",
          "format": "int64"
        },
        "ActionID": {
          "type": "integer",
          "format": "int64"
        },
        "TypeID": {
          "type": "integer",
          "format": "int64"
        }
      },
      "required": ["CauseDetID", "ActionId", "TypeID"]
    },
    "ReopenD5": {
      "type": "object",
      "properties": {
        "ActionID": {
          "type": "integer",
          "format": "int64"
        },
        "EntryBy": {
          "type": "string"
        }
      }
    },
    "viewDUmapping": {
      "type": "object",
      "properties": {
        "feedbackId": {
          "type": "integer",
          "format": "int64"
        },
        "slNo": {
          "type": "integer",
          "format": "int64"
        }
      },
      "required": ["feedbackId", "slNo"]
    },
    "hdsupdate": {
      "type": "object",
      "properties": {
        "SvnDID": {
          "type": "integer",
          "format": "int64"
        },
        "HdsIsRequired": {
          "type": "boolean"
        },
        "HdsRemarks": {
          "type": "string"
        },
        "createdBy": {
          "type": "string"
        }
      },
      "required": ["SvnDID", "HdsIsRequired", "createdBy"]
    },
    "D6": {
      "type": "object",
      "properties": {
        "typeId": {
          "type": "string"
        },
        "mode": {
          "type": "string"
        },
        "actionId": {
          "type": "integer",
          "format": "int64"
        },
        "targetDtae": {
          "type": "string",
          "format": "date"
        },
        "actualCompleteDate": {
          "type": "string",
          "format": "date"
        },
        "actionDesc1": {
          "type": "string"
        },
        "actionDesc2": {
          "type": "string"
        },
        "actionDesc3": {
          "type": "string"
        },
        "causeDetId": {
          "type": "integer",
          "format": "int64"
        },
        "entryBy": {
          "type": "string"
        },
        "commaSeperatedIds": {
          "type": "string"
        },
        "CommaSeperatedDUIds": {
          "type": "string"
        }
      },
      "required": [
        "typeId",
        "mode",
        "actionId",
        "targetDtae",
        "actualCompleteDate",
        "actionDesc1",
        "actionDesc2",
        "actionDesc3",
        "causeDetId",
        "entryBy",
        "commaSeperatedIds",
        "CommaSeperatedDUIds"
      ]
    },
    "insertSeverity": {
      "type": "object",
      "properties": {
        "Feedbackid": {
          "type": "integer",
          "format": "int64"
        },
        "Severity": {
          "type": "integer",
          "format": "int64"
        },
        "SeveritycatID": {
          "type": "integer",
          "format": "int64"
        },
        "createdBy": {
          "type": "string"
        }
      },
      "required": ["Feedbackid", "Severity", "SeveritycatID", "createdBy"]
    },
    "DeleteSeverity": {
      "type": "object",
      "properties": {
        "Feedbackid": {
          "type": "integer",
          "format": "int64"
        },
        "ComplaintSeverityID": {
          "type": "integer",
          "format": "int64"
        }
      },
      "required": ["Feedbackid", "ComplaintSeverityID"]
    },
    "InsertChargeBack": {
      "type": "object",
      "properties": {
        "EmpChargeBackId": {
          "type": "integer",
          "format": "int64"
        },
        "ComplaintId": {
          "type": "integer",
          "format": "int64"
        },
        "EmpId": {
          "type": "string"
        },
        "ResourceType": {
          "type": "string"
        },
        "CurrencyType": {
          "type": "string"
        },
        "ChargeBackAmount": {
          "type": "integer",
          "format": "int64"
        },
        "EntryBy": {
          "type": "string"
        }
      },
      "required": [
        "EmpChargeBackId",
        "ComplaintId",
        "EmpId",
        "ResourceType",
        "CurrencyType",
        "ChargeBackAmount",
        "EntryBy"
      ]
    }
  }
}
