{
  "swagger": "2.0",
  "info": {
    "version": "1.0.0",
    "title": "iTracks API",
    "description": "iTracks Master Screen Menu Mapping API"
  },
  "host": "localhost:5000",
  "basePath": "/",
  "tags": [
    {
      "name": "Master Screen Menu Mapping",
      "description": "API for stages in the system"
    }
  ],
  "schemes": ["http"],
  "consumes": ["application/json"],
  "produces": ["application/json"],
  "paths": {
    "/masterscreenmap/folderpath": {
      "get": {
        "tags": ["masterscreenmap"],
        "summary": "Get upload folder path",
        "responses": {
          "200": {
            "description": "azsure folder details"
          },
          "400": {
            "description": "Bad Request"
          }
        }
      }
    },
    "/masterscreenmap/masters/{tblname}": {
      "get": {
        "tags": ["masters"],
        "summary": "Get all users from master{tblname}",
        "parameters": [
          {
            "name": "name",
            "in": "path",
            "description": "for select name",
            "required": true
          }
        ],
        "responses": {
          "200": {
            "description": "role and du list"
          },
          "400": {
            "description": "Bad Request"
          }
        }
      }
    }
  },
  "definitions": {}
}
