{
  "swagger": "2.0",
  "info": {
    "version": "1.0.0",
    "title": "iTracks API",
    "description": "new_itracks_service_layer"
  },
  "host": "localhost:7070",
  "basePath": "/",
  "tags": [
    {
      "name": "iquality",
      "description": "API for Quality module"
    }
  ],
  "schemes": ["http"],
  "consumes": ["application/json"],
  "produces": ["application/json"],
  "paths": {
    "/iquality/folderpath": {
      "get": {
        "tags": ["iquality"],
        "summary": "Get upload folder path",
        "responses": {
          "200": {
            "description": "azsure folder details"
          },
          "400": {
            "description": "Bad Request"
          }
        }
      }
    },
    "/iquality/getcurrency": {
      "get": {
        "tags": ["iquality"],
        "summary": "Get all Currency from iquality",
        "parameters": [],
        "responses": {
          "200": {
            "description": "Currency list"
          },
          "400": {
            "description": "Bad Request"
          }
        }
      }
    },
    "/iquality/search": {
      "post": {
        "tags": ["iquality"],
        "summary": "Search for Feedback",
        "parameters": [
          {
            "name": "body",
            "in": "body",
            "description": "searchforfeedback object",
            "required": true,
            "schema": {
              "$ref": "#/definitions/searchforfeedbackinfo"
            }
          }
        ],
        "responses": {
          "200": {
            "description": "Search data"
          },
          "400": {
            "description": "Bad Request"
          }
        }
      }
    },
    "/iquality/du": {
      "get": {
        "tags": ["iquality"],
        "summary": "Get all DU's from master",
        "responses": {
          "200": {
            "description": "DU list"
          },
          "400": {
            "description": "Bad Request"
          }
        }
      }
    },
    "/iquality/customer/{divid}": {
      "get": {
        "tags": ["iquality"],
        "summary": "get customers from DU Id",
        "parameters": [
          {
            "name": "divid",
            "in": "path",
            "description": "DU ID",
            "required": true,
            "schema": {
              "type": "integer"
            }
          }
        ],
        "responses": {
          "200": {
            "description": "customers list"
          },
          "400": {
            "description": "Bad Request"
          }
        }
      }
    },
    "/iquality/searchoptions": {
      "get": {
        "tags": ["iquality"],
        "summary": "Get Search options from master",
        "responses": {
          "200": {
            "description": "Search options"
          },
          "400": {
            "description": "Bad Request"
          }
        }
      }
    },
    "/iquality/feedback": {
      "post": {
        "tags": ["iquality"],
        "summary": "Create Feedback",
        "parameters": [
          {
            "name": "Feedback",
            "in": "body",
            "description": "Create Feedback",
            "required": true,
            "schema": {
              "$ref": "#/definitions/ccaInfo"
            }
          }
        ],
        "responses": {
          "200": {
            "description": "CCA created successfully"
          },
          "400": {
            "description": "Bad Request"
          }
        }
      }
    },
    "/iquality/d1/{searchBy}": {
      "get": {
        "tags": ["iquality", "D1"],
        "summary": "Get D1 employee details",
        "parameters": [
          {
            "name": "searchBy",
            "in": "path",
            "description": "search by",
            "required": true,
            "schema": {
              "type": "string"
            }
          }
        ],
        "responses": {
          "200": {
            "description": "D1 employee list"
          },
          "400": {
            "description": "Bad Request"
          }
        }
      }
    },
    "/iquality/d1/team/{feedBackID}": {
      "get": {
        "tags": ["iquality", "D1"],
        "summary": "Get D1 Team details",
        "parameters": [
          {
            "name": "feedBackID",
            "in": "path",
            "description": "get D1 team members by feedback id",
            "required": true,
            "schema": {
              "type": "number"
            }
          }
        ],
        "responses": {
          "200": {
            "description": "D1 Team list"
          },
          "400": {
            "description": "Bad Request"
          }
        }
      }
    }
  },
  "definitions": {
    "customerinfo": {
      "type": "object",
      "properties": {
        "customerid": {
          "type": "integer",
          "format": "int64"
        },
        "divisionid": {
          "type": "integer",
          "format": "int64"
        },
        "verticalid": {
          "type": "integer",
          "format": "int64"
        },
        "serviceid": {
          "type": "integer",
          "format": "int64"
        },
        "wfid": {
          "type": "integer",
          "format": "int64"
        },
        "stageid": {
          "type": "integer",
          "format": "int64"
        },
        "noofiteration": {
          "type": "integer",
          "format": "int64"
        },
        "appid": {
          "type": "integer",
          "format": "int64"
        },
        "duid": {
          "type": "integer",
          "format": "int64"
        },
        "created_by": {
          "type": "string"
        },
        "updated_by": {
          "type": "string"
        }
      },
      "required": [
        "customerid",
        "divisionid",
        "verticalid",
        "serviceid",
        "wfid",
        "stageid",
        "appid",
        "duid",
        "created_by",
        "updated_by"
      ]
    },
    "createnormsinfo": {
      "type": "object",
      "properties": {
        "custinfoid": {
          "type": "integer",
          "format": "int64"
        },
        "complexityid": {
          "type": "integer",
          "format": "int64"
        },
        "activityid": {
          "type": "integer",
          "format": "int64"
        },
        "noofiteration": {
          "type": "integer",
          "format": "int64"
        },
        "skilllevelid": {
          "type": "integer",
          "format": "int64"
        },
        "uomid": {
          "type": "integer",
          "format": "int64"
        },
        "targetsla": {
          "type": "number",
          "format": "double"
        },
        "skillid": {
          "type": "integer",
          "format": "int64"
        },
        "outsrctype": {
          "type": "boolean"
        },
        "eff_from": {
          "type": "string",
          "format": "date-time"
        },
        "created_by": {
          "type": "string"
        }
      },
      "required": [
        "custinfoid",
        "complexityid",
        "activityid",
        "noofiteration",
        "skilllevelid",
        "uomid",
        "targetsla",
        "skillid",
        "outsrctype",
        "eff_from",
        "created_by"
      ]
    },
    "updatenormsinfo": {
      "type": "object",
      "properties": {
        "normsid": {
          "type": "integer",
          "format": "int64"
        },
        "custinfoid": {
          "type": "integer",
          "format": "int64"
        },
        "complexityid": {
          "type": "integer",
          "format": "int64"
        },
        "activityid": {
          "type": "integer",
          "format": "int64"
        },
        "noofiteration": {
          "type": "integer",
          "format": "int64"
        },
        "skilllevelid": {
          "type": "integer",
          "format": "int64"
        },
        "uomid": {
          "type": "integer",
          "format": "int64"
        },
        "shiftid": {
          "type": "integer",
          "format": "int64"
        },
        "targetsla": {
          "type": "number",
          "format": "double"
        },
        "skillid": {
          "type": "integer",
          "format": "int64"
        },
        "outsrctype": {
          "type": "boolean"
        },
        "eff_from": {
          "type": "string",
          "format": "date-time"
        },
        "primaryflag": {
          "type": "boolean"
        },
        "updated_by": {
          "type": "string"
        }
      },
      "required": [
        "normsid",
        "custinfoid",
        "complexityid",
        "activityid",
        "noofiteration",
        "skilllevelid",
        "uomid",
        "shiftid",
        "targetsla",
        "skillid",
        "outsrctype",
        "eff_from",
        "primaryflag",
        "updated_by"
      ]
    },
    "createserviceinfo": {
      "type": "object",
      "properties": {
        "servicename": {
          "type": "string"
        }
      },
      "required": ["servicename"]
    },
    "customerMaster": {
      "type": "object",
      "properties": {
        "customername": {
          "type": "string"
        }
      },
      "required": ["customername"]
    },
    "createstageinfo": {
      "type": "object",
      "properties": {
        "stagename": {
          "type": "string"
        }
      },
      "required": ["stagename"]
    },
    "searchforfeedbackinfo": {
      "type": "object",
      "properties": {
        "bookcode": {
          "type": "string"
        },
        "jobcardcode": {
          "type": "integer",
          "format": "int64"
        },
        "jobtitle": {
          "type": "string"
        },
        "fromdate": {
          "type": "string",
          "format": "date-time"
        },
        "todate": {
          "type": "string",
          "format": "date-time"
        },
        "divisions": {
          "type": "integer",
          "format": "int64"
        },
        "customers": {
          "type": "number",
          "format": "double"
        },
        "companyid": {
          "type": "integer",
          "format": "int64"
        },
        "searchby": {
          "type": "string"
        },
        "isbn": {
          "type": "string"
        },
        "jobcardid": {
          "type": "integer",
          "format": "int64"
        }
      }
    },
    "ccaInfo": {
      "type": "object",
      "properties": {
        "feedbackdesc": {
          "type": "string"
        },
        "feedbackshortdesc": {
          "type": "string"
        },
        "jobCardID": {
          "type": "integer",
          "format": "int64"
        },
        "stageID": {
          "type": "integer",
          "format": "int64"
        },
        "created_by": {
          "type": "string"
        },
        "compNo": {
          "type": "integer",
          "format": "int64"
        },
        "receivedFrom": {
          "type": "string"
        },
        "mode": {
          "type": "integer",
          "format": "int64"
        },
        "receivedDate": {
          "type": "string",
          "format": "date-time"
        },
        "isOnHold": {
          "type": "boolean"
        },
        "chargeback": {
          "type": "boolean"
        },
        "despatchedDate": {
          "type": "string",
          "format": "date-time"
        },
        "divisionId": {
          "type": "integer",
          "format": "int64"
        },
        "subDivisionId": {
          "type": "integer",
          "format": "int64"
        },
        "amount": {
          "type": "integer",
          "format": "int64"
        },
        "currencyId": {
          "type": "integer",
          "format": "int64"
        },
        "remarks": {
          "type": "string"
        },
        "fromDivId": {
          "type": "integer",
          "format": "int64"
        },
        "fromSubDivId": {
          "type": "integer",
          "format": "int64"
        },
        "fromSkillId": {
          "type": "integer",
          "format": "int64"
        },
        "toDivId": {
          "type": "integer",
          "format": "int64"
        },
        "toSubDivId": {
          "type": "integer",
          "format": "int64"
        },
        "toSkillId": {
          "type": "integer",
          "format": "int64"
        },
        "errId": {
          "type": "string"
        },
        "isErrCatFalls": {
          "type": "boolean"
        },
        "feedbacktype": {
          "type": "string"
        },
        "NOC_Id": {
          "type": "integer",
          "format": "int64"
        },
        "process_Id": {
          "type": "integer",
          "format": "int64"
        },
        "bookpartId": {
          "type": "integer",
          "format": "int64"
        },
        "elementId": {
          "type": "integer",
          "format": "int64"
        },
        "typeofeditingID": {
          "type": "integer"
        },
        "parameter": {
          "type": "integer"
        },
        "errortype": {
          "type": "integer"
        },
        "severityID": {
          "type": "integer"
        },
        "others": {
          "type": "boolean"
        },
        "others_remarks": {
          "type": "string"
        }
      },
      "required": [
        "feedbacshortdesc",
        "jobCardID",
        "stageID",
        "created_by",
        "compNo",
        "receivedFrom",
        "mode",
        "receivedDate",
        "isOnHold",
        "chargeback",
        "despatchedDate",
        "divisionId",
        "subDivisionId",
        "amount",
        "currencyId",
        "remarks",
        "fromDivId",
        "fromSubDivId",
        "fromSkillId",
        "toDivId",
        "toSubDivId",
        "toSkillId",
        "errId",
        "isErrCatFalls",
        "feedbacktype",
        "NOC_Id",
        "process_Id",
        "bookpartId",
        "elementId",
        "typeofeditingID",
        "parameter",
        "errortype"
      ]
    },
    "D1teamDetails": {
      "type": "object",
      "properties": {
        "feedBackID": {
          "type": "number",
          "description": "Feedback ID",
          "example": 1
        },
        "userId": {
          "type": "string",
          "description": "User ID",
          "example": 123
        },
        "ischampion": {
          "type": "boolean",
          "description": "Whether the team is a champion",
          "example": true
        },
        "createdBy": {
          "type": "string",
          "description": "Creator of the team",
          "example": "IS9971"
        }
      }
    },
    "modifyCCA": {
      "type": "object",
      "properties": {
        "feedbackId": {
          "type": "integer",
          "format": "int64"
        },
        "feedbackdesc": {
          "type": "string"
        },
        "feedbackshortdesc": {
          "type": "string"
        },
        "updated_by": {
          "type": "string"
        },
        "chargeback": {
          "type": "boolean"
        },
        "divisionId": {
          "type": "integer",
          "format": "int64"
        },
        "subDivisionId": {
          "type": "integer",
          "format": "int64"
        },
        "amount": {
          "type": "integer",
          "format": "int64"
        },
        "currencyId": {
          "type": "integer",
          "format": "int64"
        },
        "remarks": {
          "type": "string"
        }
      },
      "required": [
        "feedbackId",
        "feedbackNo",
        "feedbackdesc",
        "jobCardID",
        "stageID",
        "updated_by",
        "receivedFrom",
        "mode",
        "receivedDate",
        "isOnHold",
        "chargeback",
        "despatchedDate",
        "divisionId",
        "subDivisionId",
        "amount",
        "currencyId",
        "remarks"
      ]
    },
    "searchAppreciationPositive": {
      "type": "object",
      "properties": {
        "searchText": {
          "type": "string"
        },
        "fromDate": {
          "type": "string",
          "format": "date-time"
        },
        "toDate": {
          "type": "string",
          "format": "date-time"
        },
        "recordPerPage": {
          "type": "integer",
          "format": "int64"
        },
        "pageNo": {
          "type": "integer",
          "format": "int64"
        }
      }
    },
    "viewfeedback": {
      "type": "object",
      "properties": {
        "searchData": {
          "type": "string"
        },
        "fromDate": {
          "type": "string",
          "format": "date-time"
        },
        "toDate": {
          "type": "string",
          "format": "date-time"
        },
        "searchType": {
          "type": "string"
        },
        "recordPerPage": {
          "type": "integer",
          "format": "int64"
        },
        "pageNo": {
          "type": "integer",
          "format": "int64"
        }
      }
    },
    "createD2": {
      "type": "object",
      "properties": {
        "feedbackId": {
          "type": "integer",
          "format": "int64"
        },
        "finalProb": {
          "type": "string"
        },
        "isErrCatfalls": {
          "type": "boolean"
        },
        "createdBy": {
          "type": "string"
        },
        "updatedBy": {
          "type": "string"
        },
        "error": {
          "type": ["application/json"]
        },
        "probOccurred": {
          "type": "string"
        },
        "affectedPerson": {
          "type": "string"
        },
        "actionNeeded": {
          "type": "string"
        }
      }
    },
    "create_d3": {
      "type": "object",
      "properties": {
        "feedbackId": {
          "type": "integer",
          "format": "int64"
        },
        "intrmackCust": {
          "type": "string"
        },
        "intrmVerifications": {
          "type": "string"
        },
        "intrmSentDate": {
          "type": "string",
          "format": "date-time"
        },
        "intrmReceivedDate": {
          "type": "string",
          "format": "date-time"
        },
        "sentBy": {
          "type": "string"
        },
        "createdBy": {
          "type": "string"
        },
        "integraProb": {
          "type": "boolean"
        },
        "verification": {
          "type": "string"
        }
      }
    },
    "DUmapping": {
      "type": "object",
      "properties": {
        "feedbackId": {
          "type": "integer",
          "format": "int64"
        },
        "divisionId": {
          "type": "integer",
          "format": "int64"
        },
        "subDivisionTd": {
          "type": "integer",
          "format": "int64"
        },
        "skillId": {
          "type": "string"
        },
        "errserial": {
          "type": "integer",
          "format": "int64"
        },
        "createdBy": {
          "type": "string"
        }
      },
      "required": [
        "feedbackId",
        "divisionId",
        "subDivisionTd",
        "skillId",
        "createdBy"
      ]
    },
    "UpdateD5": {
      "type": "object",
      "properties": {
        "CauseDetID": {
          "type": "integer",
          "format": "int64"
        },
        "ActionId": {
          "type": "integer",
          "format": "int64"
        },
        "TargetDate": {
          "type": "string",
          "format": "date"
        },
        "ActualCompDate": {
          "type": "string",
          "format": "date"
        },
        "ActionDesc": {
          "type": "string"
        },
        "TypeID": {
          "type": "integer",
          "format": "int64"
        },
        "createdBy": {
          "type": "string"
        },
        "EmpId": {
          "type": "string"
        }
      },
      "required": [
        "CauseDetID",
        "ActionId",
        "TargetDate",
        "ActionDesc",
        "TypeID",
        "createdBy",
        "EmpId"
      ]
    },
    "DeleteD5": {
      "type": "object",
      "properties": {
        "CauseDetID": {
          "type": "integer",
          "format": "int64"
        },
        "ActionID": {
          "type": "integer",
          "format": "int64"
        },
        "TypeID": {
          "type": "integer",
          "format": "int64"
        }
      },
      "required": ["CauseDetID", "ActionId", "TypeID"]
    },
    "ReopenD5": {
      "type": "object",
      "properties": {
        "ActionID": {
          "type": "integer",
          "format": "int64"
        },
        "EntryBy": {
          "type": "string"
        }
      }
    },
    "viewDUmapping": {
      "type": "object",
      "properties": {
        "feedbackId": {
          "type": "integer",
          "format": "int64"
        },
        "slNo": {
          "type": "integer",
          "format": "int64"
        }
      },
      "required": ["feedbackId", "slNo"]
    },
    "hdsupdate": {
      "type": "object",
      "properties": {
        "SvnDID": {
          "type": "integer",
          "format": "int64"
        },
        "HdsIsRequired": {
          "type": "boolean"
        },
        "HdsRemarks": {
          "type": "string"
        },
        "createdBy": {
          "type": "string"
        }
      },
      "required": ["SvnDID", "HdsIsRequired", "createdBy"]
    },
    "D6": {
      "type": "object",
      "properties": {
        "typeId": {
          "type": "string"
        },
        "mode": {
          "type": "string"
        },
        "actionId": {
          "type": "integer",
          "format": "int64"
        },
        "targetDtae": {
          "type": "string",
          "format": "date"
        },
        "actualCompleteDate": {
          "type": "string",
          "format": "date"
        },
        "actionDesc1": {
          "type": "string"
        },
        "actionDesc2": {
          "type": "string"
        },
        "actionDesc3": {
          "type": "string"
        },
        "causeDetId": {
          "type": "integer",
          "format": "int64"
        },
        "entryBy": {
          "type": "string"
        },
        "commaSeperatedIds": {
          "type": "string"
        },
        "CommaSeperatedDUIds": {
          "type": "string"
        }
      },
      "required": [
        "typeId",
        "mode",
        "actionId",
        "targetDtae",
        "actualCompleteDate",
        "actionDesc1",
        "actionDesc2",
        "actionDesc3",
        "causeDetId",
        "entryBy",
        "commaSeperatedIds",
        "CommaSeperatedDUIds"
      ]
    },
    "insertSeverity": {
      "type": "object",
      "properties": {
        "Feedbackid": {
          "type": "integer",
          "format": "int64"
        },
        "Severity": {
          "type": "integer",
          "format": "int64"
        },
        "SeveritycatID": {
          "type": "integer",
          "format": "int64"
        },
        "createdBy": {
          "type": "string"
        }
      },
      "required": ["Feedbackid", "Severity", "SeveritycatID", "createdBy"]
    },
    "DeleteSeverity": {
      "type": "object",
      "properties": {
        "Feedbackid": {
          "type": "integer",
          "format": "int64"
        },
        "ComplaintSeverityID": {
          "type": "integer",
          "format": "int64"
        }
      },
      "required": ["Feedbackid", "ComplaintSeverityID"]
    },
    "InsertChargeBack": {
      "type": "object",
      "properties": {
        "EmpChargeBackId": {
          "type": "integer",
          "format": "int64"
        },
        "ComplaintId": {
          "type": "integer",
          "format": "int64"
        },
        "EmpId": {
          "type": "string"
        },
        "ResourceType": {
          "type": "string"
        },
        "CurrencyType": {
          "type": "string"
        },
        "ChargeBackAmount": {
          "type": "integer",
          "format": "int64"
        },
        "EntryBy": {
          "type": "string"
        }
      },
      "required": [
        "EmpChargeBackId",
        "ComplaintId",
        "EmpId",
        "ResourceType",
        "CurrencyType",
        "ChargeBackAmount",
        "EntryBy"
      ]
    }
  }
}
